[
    {
      "submission_id": "17026556",
      "problem_id": "15552",
      "problem_title": "빠른 A+B",
      "result": "result-ac",
      "memory": "146912",
      "time": "620",
      "language": "Java",
      "length": "687",
      "date": "1579149355"
    },
    {
      "submission_id": "16981147",
      "problem_id": "4373",
      "problem_title": "수집합",
      "result": "result-ac",
      "memory": "67460",
      "time": "328",
      "language": "Java",
      "length": "1194",
      "date": "1578985026"
    },
    {
      "submission_id": "16978616",
      "problem_id": "4373",
      "problem_title": "수집합",
      "result": "result-ac",
      "memory": "71008",
      "time": "1856",
      "language": "Java",
      "length": "3089",
      "date": "1578980715"
    },
    {
      "submission_id": "16978358",
      "problem_id": "4373",
      "problem_title": "수집합",
      "result": "result-ac",
      "memory": "72560",
      "time": "2032",
      "language": "Java",
      "length": "2819",
      "date": "1578980236"
    },
    {
      "submission_id": "16977004",
      "problem_id": "4373",
      "problem_title": "수집합",
      "result": "result-ac",
      "memory": "25424",
      "time": "88",
      "language": "C++14",
      "length": "1682",
      "date": "1578977599"
    },
    {
      "submission_id": "16976975",
      "problem_id": "4373",
      "problem_title": "수집합",
      "result": "result-ce",
      "memory": "",
      "time": "",
      "language": "C++",
      "length": "1682",
      "date": "1578977557"
    },
    {
      "submission_id": "16976922",
      "problem_id": "4373",
      "problem_title": "수집합",
      "result": "result-ce",
      "memory": "",
      "time": "",
      "language": "C++",
      "length": "1543",
      "date": "1578977452"
    },
    {
      "submission_id": "16976855",
      "problem_id": "4373",
      "problem_title": "수집합",
      "result": "result-ce",
      "memory": "",
      "time": "",
      "language": "C++",
      "length": "1542",
      "date": "1578977334"
    },
    {
      "submission_id": "16976842",
      "problem_id": "4373",
      "problem_title": "수집합",
      "result": "result-ce",
      "memory": "",
      "time": "",
      "language": "C++14",
      "length": "1542",
      "date": "1578977309"
    },
    {
      "submission_id": "16976832",
      "problem_id": "4373",
      "problem_title": "수집합",
      "result": "result-ce",
      "memory": "",
      "time": "",
      "language": "C++14",
      "length": "1542",
      "date": "1578977286"
    },
    {
      "submission_id": "16976807",
      "problem_id": "4373",
      "problem_title": "수집합",
      "result": "result-rte",
      "memory": "",
      "time": "",
      "language": "Java",
      "length": "2792",
      "date": "1578977229"
    },
    {
      "submission_id": "16976765",
      "problem_id": "4373",
      "problem_title": "수집합",
      "result": "result-rte",
      "memory": "",
      "time": "",
      "language": "Java",
      "length": "2919",
      "date": "1578977143"
    },
    {
      "submission_id": "16975099",
      "problem_id": "4373",
      "problem_title": "수집합",
      "result": "result-rte",
      "memory": "",
      "time": "",
      "language": "Java",
      "length": "2822",
      "date": "1578972459"
    },
    {
      "submission_id": "16975084",
      "problem_id": "4373",
      "problem_title": "수집합",
      "result": "result-rte",
      "memory": "",
      "time": "",
      "language": "Java",
      "length": "2831",
      "date": "1578972423"
    },
    {
      "submission_id": "16974768",
      "problem_id": "4373",
      "problem_title": "수집합",
      "result": "result-rte",
      "memory": "",
      "time": "",
      "language": "Java",
      "length": "2858",
      "date": "1578971274"
    },
    {
      "submission_id": "16974722",
      "problem_id": "4373",
      "problem_title": "수집합",
      "result": "result-rte",
      "memory": "",
      "time": "",
      "language": "Java",
      "length": "2892",
      "date": "1578971157"
    },
    {
      "submission_id": "16974704",
      "problem_id": "4373",
      "problem_title": "수집합",
      "result": "result-rte",
      "memory": "",
      "time": "",
      "language": "Java",
      "length": "2892",
      "date": "1578971106"
    },
    {
      "submission_id": "16974665",
      "problem_id": "4373",
      "problem_title": "수집합",
      "result": "result-wa",
      "memory": "",
      "time": "",
      "language": "Java",
      "length": "2890",
      "date": "1578970969"
    },
    {
      "submission_id": "16971611",
      "problem_id": "4373",
      "problem_title": "수집합",
      "result": "result-rte",
      "memory": "",
      "time": "",
      "language": "Java",
      "length": "3141",
      "date": "1578962770"
    },
    {
      "submission_id": "16971547",
      "problem_id": "4373",
      "problem_title": "수집합",
      "result": "result-rte",
      "memory": "",
      "time": "",
      "language": "Java",
      "length": "3423",
      "date": "1578962608"
    },
    {
      "submission_id": "16971491",
      "problem_id": "4373",
      "problem_title": "수집합",
      "result": "result-rte",
      "memory": "",
      "time": "",
      "language": "Java",
      "length": "3143",
      "date": "1578962473"
    },
    {
      "submission_id": "16971440",
      "problem_id": "4373",
      "problem_title": "수집합",
      "result": "result-rte",
      "memory": "",
      "time": "",
      "language": "Java",
      "length": "3289",
      "date": "1578962341"
    },
    {
      "submission_id": "16971260",
      "problem_id": "4373",
      "problem_title": "수집합",
      "result": "result-rte",
      "memory": "",
      "time": "",
      "language": "Java",
      "length": "3136",
      "date": "1578961781"
    },
    {
      "submission_id": "16971224",
      "problem_id": "4373",
      "problem_title": "수집합",
      "result": "result-rte",
      "memory": "",
      "time": "",
      "language": "Java",
      "length": "3393",
      "date": "1578961584"
    },
    {
      "submission_id": "16970861",
      "problem_id": "4373",
      "problem_title": "수집합",
      "result": "result-tle",
      "memory": "",
      "time": "",
      "language": "Java",
      "length": "2938",
      "date": "1578959234"
    },
    {
      "submission_id": "16970853",
      "problem_id": "4373",
      "problem_title": "수집합",
      "result": "result-tle",
      "memory": "",
      "time": "",
      "language": "Java",
      "length": "2931",
      "date": "1578959082"
    },
    {
      "submission_id": "16958986",
      "problem_id": "4373",
      "problem_title": "수집합",
      "result": "result-tle",
      "memory": "",
      "time": "",
      "language": "Java",
      "length": "2870",
      "date": "1578904851"
    },
    {
      "submission_id": "16958405",
      "problem_id": "4373",
      "problem_title": "수집합",
      "result": "result-tle",
      "memory": "",
      "time": "",
      "language": "Java",
      "length": "2077",
      "date": "1578903649"
    },
    {
      "submission_id": "16847488",
      "problem_id": "5463",
      "problem_title": "건포도",
      "result": "result-ac",
      "memory": "49068",
      "time": "960",
      "language": "Java",
      "length": "2179",
      "date": "1578463912"
    },
    {
      "submission_id": "16847471",
      "problem_id": "5463",
      "problem_title": "건포도",
      "result": "result-ac",
      "memory": "48236",
      "time": "836",
      "language": "Java",
      "length": "2179",
      "date": "1578463883"
    },
    {
      "submission_id": "16845250",
      "problem_id": "5463",
      "problem_title": "건포도",
      "result": "result-ac",
      "memory": "47808",
      "time": "904",
      "language": "Java",
      "length": "2179",
      "date": "1578460211"
    },
    {
      "submission_id": "16845220",
      "problem_id": "5463",
      "problem_title": "건포도",
      "result": "result-ac",
      "memory": "51764",
      "time": "1096",
      "language": "Java",
      "length": "2270",
      "date": "1578460174"
    },
    {
      "submission_id": "16825011",
      "problem_id": "5463",
      "problem_title": "건포도",
      "result": "result-ac",
      "memory": "26412",
      "time": "524",
      "language": "C++14",
      "length": "3338",
      "date": "1578379872"
    },
    {
      "submission_id": "16416287",
      "problem_id": "17780",
      "problem_title": "새로운 게임",
      "result": "result-wa",
      "memory": "",
      "time": "",
      "language": "Java",
      "length": "4076",
      "date": "1575951708"
    },
    {
      "submission_id": "16416205",
      "problem_id": "17780",
      "problem_title": "새로운 게임",
      "result": "result-wa",
      "memory": "",
      "time": "",
      "language": "Java",
      "length": "3937",
      "date": "1575951250"
    },
    {
      "submission_id": "16416102",
      "problem_id": "17780",
      "problem_title": "새로운 게임",
      "result": "result-wa",
      "memory": "",
      "time": "",
      "language": "Java",
      "length": "4042",
      "date": "1575950498"
    },
    {
      "submission_id": "16416089",
      "problem_id": "17780",
      "problem_title": "새로운 게임",
      "result": "result-rte",
      "memory": "",
      "time": "",
      "language": "Java",
      "length": "4006",
      "date": "1575950363"
    },
    {
      "submission_id": "16416031",
      "problem_id": "17780",
      "problem_title": "새로운 게임",
      "result": "result-wa",
      "memory": "",
      "time": "",
      "language": "Java",
      "length": "3779",
      "date": "1575949916"
    },
    {
      "submission_id": "16406900",
      "problem_id": "1697",
      "problem_title": "숨바꼭질",
      "result": "result-ac",
      "memory": "30580",
      "time": "164",
      "language": "Java",
      "length": "1154",
      "date": "1575873694"
    },
    {
      "submission_id": "16406841",
      "problem_id": "1697",
      "problem_title": "숨바꼭질",
      "result": "result-wa",
      "memory": "",
      "time": "",
      "language": "Java",
      "length": "1100",
      "date": "1575873379"
    },
    {
      "submission_id": "16406822",
      "problem_id": "1697",
      "problem_title": "숨바꼭질",
      "result": "result-wa",
      "memory": "",
      "time": "",
      "language": "Java",
      "length": "1102",
      "date": "1575873268"
    },
    {
      "submission_id": "16406801",
      "problem_id": "1697",
      "problem_title": "숨바꼭질",
      "result": "result-wa",
      "memory": "",
      "time": "",
      "language": "Java",
      "length": "1073",
      "date": "1575873123"
    },
    {
      "submission_id": "16406323",
      "problem_id": "15649",
      "problem_title": "N과 M (1)",
      "result": "result-ac",
      "memory": "20904",
      "time": "152",
      "language": "Java",
      "length": "1091",
      "date": "1575870598"
    },
    {
      "submission_id": "16406312",
      "problem_id": "14226",
      "problem_title": "이모티콘",
      "result": "result-ac",
      "memory": "17652",
      "time": "92",
      "language": "Java",
      "length": "1643",
      "date": "1575870540"
    },
    {
      "submission_id": "16406287",
      "problem_id": "14226",
      "problem_title": "이모티콘",
      "result": "result-ac",
      "memory": "17884",
      "time": "92",
      "language": "Java",
      "length": "1806",
      "date": "1575870396"
    },
    {
      "submission_id": "16406190",
      "problem_id": "14226",
      "problem_title": "이모티콘",
      "result": "result-ac",
      "memory": "18100",
      "time": "92",
      "language": "Java",
      "length": "1664",
      "date": "1575869846"
    },
    {
      "submission_id": "16404484",
      "problem_id": "17822",
      "problem_title": "원판 돌리기",
      "result": "result-ac",
      "memory": "15540",
      "time": "128",
      "language": "Java",
      "length": "4039",
      "date": "1575858214"
    },
    {
      "submission_id": "16404479",
      "problem_id": "15649",
      "problem_title": "N과 M (1)",
      "result": "result-rte",
      "memory": "",
      "time": "",
      "language": "Java",
      "length": "4039",
      "date": "1575858188"
    },
    {
      "submission_id": "16404460",
      "problem_id": "15649",
      "problem_title": "N과 M (1)",
      "result": "result-ac",
      "memory": "20920",
      "time": "144",
      "language": "Java",
      "length": "1091",
      "date": "1575858062"
    },
    {
      "submission_id": "16404351",
      "problem_id": "17822",
      "problem_title": "원판 돌리기",
      "result": "result-wa",
      "memory": "",
      "time": "",
      "language": "Java",
      "length": "3951",
      "date": "1575857401"
    },
    {
      "submission_id": "16404296",
      "problem_id": "17822",
      "problem_title": "원판 돌리기",
      "result": "result-wa",
      "memory": "",
      "time": "",
      "language": "Java",
      "length": "3952",
      "date": "1575857115"
    },
    {
      "submission_id": "16215052",
      "problem_id": "1713",
      "problem_title": "후보 추천하기",
      "result": "result-ac",
      "memory": "13332",
      "time": "88",
      "language": "Java",
      "length": "1804",
      "date": "1574403614"
    },
    {
      "submission_id": "16214969",
      "problem_id": "1713",
      "problem_title": "후보 추천하기",
      "result": "result-wa",
      "memory": "",
      "time": "",
      "language": "Java",
      "length": "1672",
      "date": "1574403323"
    },
    {
      "submission_id": "16214947",
      "problem_id": "1713",
      "problem_title": "후보 추천하기",
      "result": "result-wa",
      "memory": "",
      "time": "",
      "language": "Java",
      "length": "1626",
      "date": "1574403251"
    },
    {
      "submission_id": "16214926",
      "problem_id": "1713",
      "problem_title": "후보 추천하기",
      "result": "result-rte",
      "memory": "",
      "time": "",
      "language": "Java",
      "length": "1626",
      "date": "1574403202"
    },
    {
      "submission_id": "16213514",
      "problem_id": "2186",
      "problem_title": "문자판",
      "result": "result-ac",
      "memory": "18172",
      "time": "224",
      "language": "Java",
      "length": "1901",
      "date": "1574397032"
    },
    {
      "submission_id": "16213471",
      "problem_id": "2186",
      "problem_title": "문자판",
      "result": "result-ac",
      "memory": "19528",
      "time": "220",
      "language": "Java",
      "length": "1890",
      "date": "1574396827"
    },
    {
      "submission_id": "16213267",
      "problem_id": "2186",
      "problem_title": "문자판",
      "result": "result-mle",
      "memory": "",
      "time": "",
      "language": "Java",
      "length": "1828",
      "date": "1574395319"
    },
    {
      "submission_id": "16203079",
      "problem_id": "11728",
      "problem_title": "배열 합치기",
      "result": "result-ac",
      "memory": "310640",
      "time": "1652",
      "language": "Java",
      "length": "1458",
      "date": "1574319612"
    },
    {
      "submission_id": "16203024",
      "problem_id": "11728",
      "problem_title": "배열 합치기",
      "result": "result-ac",
      "memory": "308580",
      "time": "1408",
      "language": "Java",
      "length": "1294",
      "date": "1574319403"
    },
    {
      "submission_id": "16202927",
      "problem_id": "11728",
      "problem_title": "배열 합치기",
      "result": "result-ac",
      "memory": "338016",
      "time": "1304",
      "language": "Java",
      "length": "1044",
      "date": "1574319115"
    },
    {
      "submission_id": "16173235",
      "problem_id": "18017",
      "problem_title": "총알의 속도",
      "result": "result-ac",
      "memory": "13024",
      "time": "80",
      "language": "Java",
      "length": "523",
      "date": "1574140408"
    },
    {
      "submission_id": "16173098",
      "problem_id": "18017",
      "problem_title": "총알의 속도",
      "result": "result-ac",
      "memory": "16760",
      "time": "156",
      "language": "Java",
      "length": "600",
      "date": "1574139914"
    },
    {
      "submission_id": "16172901",
      "problem_id": "18017",
      "problem_title": "총알의 속도",
      "result": "result-wa",
      "memory": "",
      "time": "",
      "language": "Java",
      "length": "590",
      "date": "1574139003"
    },
    {
      "submission_id": "16172882",
      "problem_id": "18017",
      "problem_title": "총알의 속도",
      "result": "result-wa",
      "memory": "",
      "time": "",
      "language": "Java",
      "length": "588",
      "date": "1574138910"
    },
    {
      "submission_id": "16172615",
      "problem_id": "18017",
      "problem_title": "총알의 속도",
      "result": "result-wa",
      "memory": "",
      "time": "",
      "language": "Java",
      "length": "319",
      "date": "1574138027"
    },
    {
      "submission_id": "16172555",
      "problem_id": "18017",
      "problem_title": "총알의 속도",
      "result": "result-wa",
      "memory": "",
      "time": "",
      "language": "Java",
      "length": "1089",
      "date": "1574137812"
    },
    {
      "submission_id": "16172489",
      "problem_id": "18017",
      "problem_title": "총알의 속도",
      "result": "result-wa",
      "memory": "",
      "time": "",
      "language": "Java",
      "length": "855",
      "date": "1574137502"
    },
    {
      "submission_id": "16172484",
      "problem_id": "18017",
      "problem_title": "총알의 속도",
      "result": "result-wa",
      "memory": "",
      "time": "",
      "language": "Java",
      "length": "959",
      "date": "1574137482"
    },
    {
      "submission_id": "16078536",
      "problem_id": "2668",
      "problem_title": "숫자고르기",
      "result": "result-ac",
      "memory": "12980",
      "time": "80",
      "language": "Java",
      "length": "1279",
      "date": "1573548922"
    },
    {
      "submission_id": "16078339",
      "problem_id": "2668",
      "problem_title": "숫자고르기",
      "result": "result-mle",
      "memory": "",
      "time": "",
      "language": "Java",
      "length": "1278",
      "date": "1573548257"
    },
    {
      "submission_id": "16078321",
      "problem_id": "2668",
      "problem_title": "숫자고르기",
      "result": "result-mle",
      "memory": "",
      "time": "",
      "language": "Java",
      "length": "1316",
      "date": "1573548211"
    },
    {
      "submission_id": "16076191",
      "problem_id": "1300",
      "problem_title": "K번째 수",
      "result": "result-ac",
      "memory": "13028",
      "time": "96",
      "language": "Java",
      "length": "734",
      "date": "1573541369"
    },
    {
      "submission_id": "16059255",
      "problem_id": "15961",
      "problem_title": "회전 초밥",
      "result": "result-ac",
      "memory": "170116",
      "time": "500",
      "language": "Java",
      "length": "1419",
      "date": "1573452475"
    },
    {
      "submission_id": "16059007",
      "problem_id": "15961",
      "problem_title": "회전 초밥",
      "result": "result-ac",
      "memory": "291460",
      "time": "764",
      "language": "Java",
      "length": "1526",
      "date": "1573451510"
    },
    {
      "submission_id": "16058943",
      "problem_id": "2531",
      "problem_title": "회전 초밥",
      "result": "result-ac",
      "memory": "19044",
      "time": "196",
      "language": "Java",
      "length": "1498",
      "date": "1573451344"
    },
    {
      "submission_id": "15972069",
      "problem_id": "14890",
      "problem_title": "경사로",
      "result": "result-ac",
      "memory": "14396",
      "time": "100",
      "language": "Java",
      "length": "2526",
      "date": "1572917994"
    },
    {
      "submission_id": "15971955",
      "problem_id": "14890",
      "problem_title": "경사로",
      "result": "result-ac",
      "memory": "14264",
      "time": "96",
      "language": "Java",
      "length": "3434",
      "date": "1572917478"
    },
    {
      "submission_id": "15971948",
      "problem_id": "14890",
      "problem_title": "경사로",
      "result": "result-rte",
      "memory": "",
      "time": "",
      "language": "Java",
      "length": "3431",
      "date": "1572917458"
    },
    {
      "submission_id": "15961191",
      "problem_id": "2615",
      "problem_title": "오목",
      "result": "result-ac",
      "memory": "13028",
      "time": "80",
      "language": "Java",
      "length": "1930",
      "date": "1572856375"
    },
    {
      "submission_id": "15961102",
      "problem_id": "2615",
      "problem_title": "오목",
      "result": "result-wa",
      "memory": "",
      "time": "",
      "language": "Java",
      "length": "1926",
      "date": "1572856171"
    },
    {
      "submission_id": "15961077",
      "problem_id": "2615",
      "problem_title": "오목",
      "result": "result-wa",
      "memory": "",
      "time": "",
      "language": "Java",
      "length": "1926",
      "date": "1572856102"
    },
    {
      "submission_id": "15961013",
      "problem_id": "2615",
      "problem_title": "오목",
      "result": "result-wa",
      "memory": "",
      "time": "",
      "language": "Java",
      "length": "1926",
      "date": "1572855942"
    },
    {
      "submission_id": "15959697",
      "problem_id": "2615",
      "problem_title": "오목",
      "result": "result-ac",
      "memory": "13116",
      "time": "84",
      "language": "Java",
      "length": "1890",
      "date": "1572852440"
    },
    {
      "submission_id": "15959521",
      "problem_id": "2615",
      "problem_title": "오목",
      "result": "result-wa",
      "memory": "",
      "time": "",
      "language": "Java",
      "length": "1861",
      "date": "1572851921"
    },
    {
      "submission_id": "15864776",
      "problem_id": "1149",
      "problem_title": "RGB거리",
      "result": "result-ac",
      "memory": "13448",
      "time": "80",
      "language": "Java",
      "length": "927",
      "date": "1572235466"
    },
    {
      "submission_id": "15864758",
      "problem_id": "1149",
      "problem_title": "RGB거리",
      "result": "result-wa",
      "memory": "",
      "time": "",
      "language": "Java",
      "length": "927",
      "date": "1572235390"
    },
    {
      "submission_id": "15814408",
      "problem_id": "17822",
      "problem_title": "원판 돌리기",
      "result": "result-wa",
      "memory": "",
      "time": "",
      "language": "Java",
      "length": "4538",
      "date": "1571824649"
    },
    {
      "submission_id": "15814404",
      "problem_id": "17822",
      "problem_title": "원판 돌리기",
      "result": "result-wa",
      "memory": "",
      "time": "",
      "language": "Java",
      "length": "4560",
      "date": "1571824619"
    },
    {
      "submission_id": "15797693",
      "problem_id": "11050",
      "problem_title": "이항 계수 1",
      "result": "result-ac",
      "memory": "12944",
      "time": "76",
      "language": "Java",
      "length": "1051",
      "date": "1571722161"
    },
    {
      "submission_id": "15797655",
      "problem_id": "11051",
      "problem_title": "이항 계수 2",
      "result": "result-ac",
      "memory": "12904",
      "time": "72",
      "language": "Java",
      "length": "1458",
      "date": "1571722005"
    },
    {
      "submission_id": "15797649",
      "problem_id": "11051",
      "problem_title": "이항 계수 2",
      "result": "result-rte",
      "memory": "",
      "time": "",
      "language": "Java",
      "length": "1486",
      "date": "1571721991"
    },
    {
      "submission_id": "15797548",
      "problem_id": "11439",
      "problem_title": "이항 계수 5",
      "result": "result-rte",
      "memory": "",
      "time": "",
      "language": "Java",
      "length": "944",
      "date": "1571721546"
    },
    {
      "submission_id": "15797186",
      "problem_id": "11401",
      "problem_title": "이항 계수 3",
      "result": "result-ac",
      "memory": "44232",
      "time": "116",
      "language": "Java",
      "length": "1419",
      "date": "1571720194"
    },
    {
      "submission_id": "15797152",
      "problem_id": "11401",
      "problem_title": "이항 계수 3",
      "result": "result-wa",
      "memory": "",
      "time": "",
      "language": "Java",
      "length": "1399",
      "date": "1571720055"
    },
    {
      "submission_id": "15768257",
      "problem_id": "3190",
      "problem_title": "뱀",
      "result": "result-ac",
      "memory": "13348",
      "time": "80",
      "language": "Java",
      "length": "2249",
      "date": "1571497150"
    },
    {
      "submission_id": "15767036",
      "problem_id": "17070",
      "problem_title": "파이프 옮기기 1",
      "result": "result-ac",
      "memory": "13228",
      "time": "76",
      "language": "Java",
      "length": "1514",
      "date": "1571493432"
    },
    {
      "submission_id": "15767020",
      "problem_id": "17069",
      "problem_title": "파이프 옮기기 2",
      "result": "result-ac",
      "memory": "13284",
      "time": "80",
      "language": "Java",
      "length": "1514",
      "date": "1571493394"
    },
    {
      "submission_id": "15766960",
      "problem_id": "17069",
      "problem_title": "파이프 옮기기 2",
      "result": "result-ac",
      "memory": "13292",
      "time": "80",
      "language": "Java",
      "length": "1512",
      "date": "1571493256"
    },
    {
      "submission_id": "15766910",
      "problem_id": "17069",
      "problem_title": "파이프 옮기기 2",
      "result": "result-wa",
      "memory": "",
      "time": "",
      "language": "Java",
      "length": "1483",
      "date": "1571493142"
    },
    {
      "submission_id": "15765506",
      "problem_id": "17070",
      "problem_title": "파이프 옮기기 1",
      "result": "result-ac",
      "memory": "382028",
      "time": "888",
      "language": "Java",
      "length": "2469",
      "date": "1571489509"
    },
    {
      "submission_id": "15730729",
      "problem_id": "17471",
      "problem_title": "게리맨더링",
      "result": "result-ac",
      "memory": "13600",
      "time": "92",
      "language": "Java",
      "length": "2474",
      "date": "1571318680"
    },
    {
      "submission_id": "15683165",
      "problem_id": "16235",
      "problem_title": "나무 재테크",
      "result": "result-ac",
      "memory": "184196",
      "time": "596",
      "language": "Java",
      "length": "2992",
      "date": "1571128368"
    },
    {
      "submission_id": "15682770",
      "problem_id": "16235",
      "problem_title": "나무 재테크",
      "result": "result-ac",
      "memory": "286484",
      "time": "736",
      "language": "Java",
      "length": "2872",
      "date": "1571127473"
    },
    {
      "submission_id": "15682659",
      "problem_id": "16235",
      "problem_title": "나무 재테크",
      "result": "result-ac",
      "memory": "167332",
      "time": "748",
      "language": "Java",
      "length": "2693",
      "date": "1571127248"
    },
    {
      "submission_id": "15679848",
      "problem_id": "14889",
      "problem_title": "스타트와 링크",
      "result": "result-ac",
      "memory": "14832",
      "time": "300",
      "language": "Java",
      "length": "1458",
      "date": "1571120695"
    },
    {
      "submission_id": "15677577",
      "problem_id": "16235",
      "problem_title": "나무 재테크",
      "result": "result-ac",
      "memory": "285044",
      "time": "1124",
      "language": "Java",
      "length": "3337",
      "date": "1571115025"
    },
    {
      "submission_id": "15658009",
      "problem_id": "2564",
      "problem_title": "경비원",
      "result": "result-ac",
      "memory": "13044",
      "time": "76",
      "language": "Java",
      "length": "2372",
      "date": "1571026358"
    },
    {
      "submission_id": "15655370",
      "problem_id": "1717",
      "problem_title": "집합의 표현",
      "result": "result-ac",
      "memory": "49884",
      "time": "352",
      "language": "Java",
      "length": "1324",
      "date": "1571013648"
    },
    {
      "submission_id": "15655315",
      "problem_id": "1717",
      "problem_title": "집합의 표현",
      "result": "result-ac",
      "memory": "52908",
      "time": "388",
      "language": "Java",
      "length": "1303",
      "date": "1571013293"
    },
    {
      "submission_id": "15655279",
      "problem_id": "1717",
      "problem_title": "집합의 표현",
      "result": "result-wa",
      "memory": "",
      "time": "",
      "language": "Java",
      "length": "1380",
      "date": "1571013110"
    },
    {
      "submission_id": "15655168",
      "problem_id": "1717",
      "problem_title": "집합의 표현",
      "result": "result-wa",
      "memory": "",
      "time": "",
      "language": "Java",
      "length": "1263",
      "date": "1571012390"
    },
    {
      "submission_id": "15638634",
      "problem_id": "2983",
      "problem_title": "개구리 공주",
      "result": "result-ac",
      "memory": "83380",
      "time": "780",
      "language": "Java",
      "length": "2143",
      "date": "1570895602"
    },
    {
      "submission_id": "15638619",
      "problem_id": "2983",
      "problem_title": "개구리 공주",
      "result": "result-ac",
      "memory": "87952",
      "time": "856",
      "language": "Java",
      "length": "2345",
      "date": "1570895514"
    },
    {
      "submission_id": "15638606",
      "problem_id": "2983",
      "problem_title": "개구리 공주",
      "result": "result-ac",
      "memory": "85856",
      "time": "872",
      "language": "Java",
      "length": "2420",
      "date": "1570895472"
    },
    {
      "submission_id": "15638592",
      "problem_id": "2983",
      "problem_title": "개구리 공주",
      "result": "result-ac",
      "memory": "88720",
      "time": "812",
      "language": "Java",
      "length": "2353",
      "date": "1570895368"
    },
    {
      "submission_id": "15638513",
      "problem_id": "2983",
      "problem_title": "개구리 공주",
      "result": "result-ac",
      "memory": "129404",
      "time": "960",
      "language": "Java",
      "length": "2977",
      "date": "1570895003"
    },
    {
      "submission_id": "15638274",
      "problem_id": "2983",
      "problem_title": "개구리 공주",
      "result": "result-wa",
      "memory": "",
      "time": "",
      "language": "Java",
      "length": "2977",
      "date": "1570893739"
    },
    {
      "submission_id": "15559796",
      "problem_id": "1157",
      "problem_title": "단어 공부",
      "result": "result-ac",
      "memory": "26204",
      "time": "208",
      "language": "Java",
      "length": "803",
      "date": "1570512672"
    },
    {
      "submission_id": "15559788",
      "problem_id": "1157",
      "problem_title": "단어 공부",
      "result": "result-ce",
      "memory": "",
      "time": "",
      "language": "Java",
      "length": "807",
      "date": "1570512647"
    },
    {
      "submission_id": "15537440",
      "problem_id": "4963",
      "problem_title": "섬의 개수",
      "result": "result-ac",
      "memory": "16208",
      "time": "132",
      "language": "Java",
      "length": "2632",
      "date": "1570423614"
    },
    {
      "submission_id": "15537398",
      "problem_id": "4963",
      "problem_title": "섬의 개수",
      "result": "result-wa",
      "memory": "",
      "time": "",
      "language": "Java",
      "length": "2608",
      "date": "1570423466"
    },
    {
      "submission_id": "15537298",
      "problem_id": "4963",
      "problem_title": "섬의 개수",
      "result": "result-wa",
      "memory": "",
      "time": "",
      "language": "Java",
      "length": "2301",
      "date": "1570423102"
    },
    {
      "submission_id": "15537203",
      "problem_id": "4963",
      "problem_title": "섬의 개수",
      "result": "result-wa",
      "memory": "",
      "time": "",
      "language": "Java",
      "length": "1952",
      "date": "1570422793"
    },
    {
      "submission_id": "15440798",
      "problem_id": "3055",
      "problem_title": "탈출",
      "result": "result-ac",
      "memory": "13268",
      "time": "84",
      "language": "Java",
      "length": "3428",
      "date": "1569918378"
    },
    {
      "submission_id": "15436129",
      "problem_id": "1987",
      "problem_title": "알파벳",
      "result": "result-ac",
      "memory": "13184",
      "time": "764",
      "language": "Java",
      "length": "1457",
      "date": "1569908283"
    },
    {
      "submission_id": "15436114",
      "problem_id": "1987",
      "problem_title": "알파벳",
      "result": "result-ac",
      "memory": "13200",
      "time": "780",
      "language": "Java",
      "length": "1461",
      "date": "1569908257"
    },
    {
      "submission_id": "15436106",
      "problem_id": "1987",
      "problem_title": "알파벳",
      "result": "result-rte",
      "memory": "",
      "time": "",
      "language": "Java",
      "length": "1489",
      "date": "1569908244"
    },
    {
      "submission_id": "15435435",
      "problem_id": "1987",
      "problem_title": "알파벳",
      "result": "result-wa",
      "memory": "",
      "time": "",
      "language": "Java",
      "length": "1936",
      "date": "1569906818"
    },
    {
      "submission_id": "15434944",
      "problem_id": "1987",
      "problem_title": "알파벳",
      "result": "result-wa",
      "memory": "",
      "time": "",
      "language": "Java",
      "length": "1831",
      "date": "1569905414"
    },
    {
      "submission_id": "15434809",
      "problem_id": "1987",
      "problem_title": "알파벳",
      "result": "result-wa",
      "memory": "",
      "time": "",
      "language": "Java",
      "length": "1511",
      "date": "1569905004"
    },
    {
      "submission_id": "15432711",
      "problem_id": "1987",
      "problem_title": "알파벳",
      "result": "result-wa",
      "memory": "",
      "time": "",
      "language": "Java",
      "length": "1555",
      "date": "1569896817"
    },
    {
      "submission_id": "15432104",
      "problem_id": "1987",
      "problem_title": "알파벳",
      "result": "result-ac",
      "memory": "13644",
      "time": "996",
      "language": "Java",
      "length": "1471",
      "date": "1569894812"
    },
    {
      "submission_id": "15431906",
      "problem_id": "2636",
      "problem_title": "치즈",
      "result": "result-ac",
      "memory": "13316",
      "time": "84",
      "language": "Java",
      "length": "3381",
      "date": "1569894174"
    },
    {
      "submission_id": "15424422",
      "problem_id": "2543",
      "problem_title": "초고속철도",
      "result": "result-wa",
      "memory": "",
      "time": "",
      "language": "Java",
      "length": "1755",
      "date": "1569846735"
    },
    {
      "submission_id": "15423746",
      "problem_id": "2543",
      "problem_title": "초고속철도",
      "result": "result-wa",
      "memory": "",
      "time": "",
      "language": "Java",
      "length": "1311",
      "date": "1569845294"
    },
    {
      "submission_id": "15411731",
      "problem_id": "2630",
      "problem_title": "색종이 만들기",
      "result": "result-ac",
      "memory": "14512",
      "time": "100",
      "language": "Java",
      "length": "1738",
      "date": "1569811093"
    },
    {
      "submission_id": "15326754",
      "problem_id": "1074",
      "problem_title": "Z",
      "result": "result-ac",
      "memory": "12936",
      "time": "76",
      "language": "Java",
      "length": "725",
      "date": "1569403065"
    },
    {
      "submission_id": "15306178",
      "problem_id": "1074",
      "problem_title": "Z",
      "result": "result-wa",
      "memory": "",
      "time": "",
      "language": "Java",
      "length": "1121",
      "date": "1569322248"
    },
    {
      "submission_id": "15306086",
      "problem_id": "1074",
      "problem_title": "Z",
      "result": "result-wa",
      "memory": "",
      "time": "",
      "language": "Java",
      "length": "1119",
      "date": "1569322051"
    },
    {
      "submission_id": "15306025",
      "problem_id": "1074",
      "problem_title": "Z",
      "result": "result-wa",
      "memory": "",
      "time": "",
      "language": "Java",
      "length": "1109",
      "date": "1569321913"
    },
    {
      "submission_id": "15106736",
      "problem_id": "14503",
      "problem_title": "로봇 청소기",
      "result": "result-wa",
      "memory": "",
      "time": "",
      "language": "Java",
      "length": "2405",
      "date": "1568300421"
    },
    {
      "submission_id": "15106675",
      "problem_id": "14503",
      "problem_title": "로봇 청소기",
      "result": "result-tle",
      "memory": "",
      "time": "",
      "language": "Java",
      "length": "2430",
      "date": "1568300122"
    },
    {
      "submission_id": "15104260",
      "problem_id": "17142",
      "problem_title": "연구소 3",
      "result": "result-ac",
      "memory": "88392",
      "time": "712",
      "language": "Java",
      "length": "4311",
      "date": "1568288728"
    },
    {
      "submission_id": "15103061",
      "problem_id": "14503",
      "problem_title": "로봇 청소기",
      "result": "result-ac",
      "memory": "13264",
      "time": "80",
      "language": "Java",
      "length": "2947",
      "date": "1568282664"
    },
    {
      "submission_id": "15103049",
      "problem_id": "14503",
      "problem_title": "로봇 청소기",
      "result": "result-wa",
      "memory": "",
      "time": "",
      "language": "Java",
      "length": "2947",
      "date": "1568282573"
    },
    {
      "submission_id": "14988740",
      "problem_id": "17136",
      "problem_title": "색종이 붙이기",
      "result": "result-wa",
      "memory": "",
      "time": "",
      "language": "Java",
      "length": "2787",
      "date": "1567678717"
    },
    {
      "submission_id": "14976617",
      "problem_id": "17136",
      "problem_title": "색종이 붙이기",
      "result": "result-ac",
      "memory": "21248",
      "time": "264",
      "language": "Java",
      "length": "2838",
      "date": "1567646250"
    },
    {
      "submission_id": "14976592",
      "problem_id": "17136",
      "problem_title": "색종이 붙이기",
      "result": "result-ac",
      "memory": "21112",
      "time": "252",
      "language": "Java",
      "length": "2951",
      "date": "1567646137"
    },
    {
      "submission_id": "14976587",
      "problem_id": "17136",
      "problem_title": "색종이 붙이기",
      "result": "result-rte",
      "memory": "",
      "time": "",
      "language": "Java",
      "length": "2979",
      "date": "1567646124"
    },
    {
      "submission_id": "14976495",
      "problem_id": "17136",
      "problem_title": "색종이 붙이기",
      "result": "result-ac",
      "memory": "21324",
      "time": "256",
      "language": "Java",
      "length": "2483",
      "date": "1567645893"
    },
    {
      "submission_id": "14976453",
      "problem_id": "17136",
      "problem_title": "색종이 붙이기",
      "result": "result-ac",
      "memory": "21124",
      "time": "256",
      "language": "Java",
      "length": "2483",
      "date": "1567645823"
    },
    {
      "submission_id": "14966814",
      "problem_id": "17135",
      "problem_title": "캐슬 디펜스",
      "result": "result-ac",
      "memory": "36224",
      "time": "192",
      "language": "Java",
      "length": "4626",
      "date": "1567595036"
    },
    {
      "submission_id": "14966503",
      "problem_id": "17135",
      "problem_title": "캐슬 디펜스",
      "result": "result-wa",
      "memory": "",
      "time": "",
      "language": "Java",
      "length": "3583",
      "date": "1567594200"
    },
    {
      "submission_id": "14966390",
      "problem_id": "17135",
      "problem_title": "캐슬 디펜스",
      "result": "result-wa",
      "memory": "",
      "time": "",
      "language": "Java",
      "length": "3549",
      "date": "1567593900"
    },
    {
      "submission_id": "14966158",
      "problem_id": "17135",
      "problem_title": "캐슬 디펜스",
      "result": "result-wa",
      "memory": "",
      "time": "",
      "language": "Java",
      "length": "3547",
      "date": "1567593341"
    },
    {
      "submission_id": "14964631",
      "problem_id": "17144",
      "problem_title": "미세먼지 안녕!",
      "result": "result-ac",
      "memory": "26392",
      "time": "292",
      "language": "Java",
      "length": "4059",
      "date": "1567589283"
    },
    {
      "submission_id": "14938232",
      "problem_id": "15663",
      "problem_title": "N과 M (9)",
      "result": "result-ole",
      "memory": "",
      "time": "",
      "language": "Java",
      "length": "1526",
      "date": "1567493789"
    },
    {
      "submission_id": "14937929",
      "problem_id": "15663",
      "problem_title": "N과 M (9)",
      "result": "result-wa",
      "memory": "",
      "time": "",
      "language": "Java",
      "length": "1413",
      "date": "1567493036"
    },
    {
      "submission_id": "14937767",
      "problem_id": "15663",
      "problem_title": "N과 M (9)",
      "result": "result-wa",
      "memory": "",
      "time": "",
      "language": "Java",
      "length": "1411",
      "date": "1567492725"
    },
    {
      "submission_id": "14922570",
      "problem_id": "15654",
      "problem_title": "N과 M (5)",
      "result": "result-ac",
      "memory": "31208",
      "time": "220",
      "language": "Java",
      "length": "1328",
      "date": "1567422589"
    },
    {
      "submission_id": "14922236",
      "problem_id": "15652",
      "problem_title": "N과 M (4)",
      "result": "result-ac",
      "memory": "15292",
      "time": "96",
      "language": "Java",
      "length": "1014",
      "date": "1567421735"
    },
    {
      "submission_id": "14922045",
      "problem_id": "15651",
      "problem_title": "N과 M (3)",
      "result": "result-ac",
      "memory": "113032",
      "time": "312",
      "language": "Java",
      "length": "1022",
      "date": "1567421264"
    },
    {
      "submission_id": "14921778",
      "problem_id": "15650",
      "problem_title": "N과 M (2)",
      "result": "result-ac",
      "memory": "12948",
      "time": "76",
      "language": "Java",
      "length": "1029",
      "date": "1567420526"
    },
    {
      "submission_id": "14921735",
      "problem_id": "15650",
      "problem_title": "N과 M (2)",
      "result": "result-ce",
      "memory": "",
      "time": "",
      "language": "Java",
      "length": "1033",
      "date": "1567420409"
    },
    {
      "submission_id": "14920985",
      "problem_id": "17406",
      "problem_title": "배열 돌리기 4",
      "result": "result-ac",
      "memory": "21688",
      "time": "164",
      "language": "Java",
      "length": "3394",
      "date": "1567418123"
    },
    {
      "submission_id": "14920946",
      "problem_id": "15649",
      "problem_title": "N과 M (1)",
      "result": "result-ac",
      "memory": "20908",
      "time": "144",
      "language": "Java",
      "length": "1093",
      "date": "1567417996"
    },
    {
      "submission_id": "14920879",
      "problem_id": "15649",
      "problem_title": "N과 M (1)",
      "result": "result-ac",
      "memory": "92012",
      "time": "1440",
      "language": "Java",
      "length": "945",
      "date": "1567417764"
    },
    {
      "submission_id": "14791206",
      "problem_id": "17141",
      "problem_title": "연구소 2",
      "result": "result-ac",
      "memory": "40892",
      "time": "216",
      "language": "Java",
      "length": "3082",
      "date": "1566805374"
    },
    {
      "submission_id": "14791158",
      "problem_id": "17141",
      "problem_title": "연구소 2",
      "result": "result-ac",
      "memory": "40900",
      "time": "208",
      "language": "Java",
      "length": "3133",
      "date": "1566805294"
    },
    {
      "submission_id": "14791077",
      "problem_id": "17141",
      "problem_title": "연구소 2",
      "result": "result-wa",
      "memory": "",
      "time": "",
      "language": "Java",
      "length": "3116",
      "date": "1566805122"
    },
    {
      "submission_id": "14790732",
      "problem_id": "17141",
      "problem_title": "연구소 2",
      "result": "result-wa",
      "memory": "",
      "time": "",
      "language": "Java",
      "length": "3117",
      "date": "1566804347"
    },
    {
      "submission_id": "14790522",
      "problem_id": "17141",
      "problem_title": "연구소 2",
      "result": "result-tle",
      "memory": "",
      "time": "",
      "language": "Java",
      "length": "3169",
      "date": "1566803930"
    },
    {
      "submission_id": "14790121",
      "problem_id": "17141",
      "problem_title": "연구소 2",
      "result": "result-tle",
      "memory": "",
      "time": "",
      "language": "Java",
      "length": "3286",
      "date": "1566803188"
    },
    {
      "submission_id": "14789790",
      "problem_id": "17141",
      "problem_title": "연구소 2",
      "result": "result-tle",
      "memory": "",
      "time": "",
      "language": "Java",
      "length": "3011",
      "date": "1566802440"
    },
    {
      "submission_id": "14789559",
      "problem_id": "17141",
      "problem_title": "연구소 2",
      "result": "result-tle",
      "memory": "",
      "time": "",
      "language": "Java",
      "length": "2953",
      "date": "1566801994"
    },
    {
      "submission_id": "14784953",
      "problem_id": "11942",
      "problem_title": "고려대는 사랑입니다",
      "result": "result-ac",
      "memory": "4532",
      "time": "0",
      "language": "Text",
      "length": "15",
      "date": "1566787610"
    },
    {
      "submission_id": "14784930",
      "problem_id": "10171",
      "problem_title": "고양이",
      "result": "result-ac",
      "memory": "4532",
      "time": "0",
      "language": "Text",
      "length": "32",
      "date": "1566787517"
    },
    {
      "submission_id": "14784926",
      "problem_id": "10172",
      "problem_title": "개",
      "result": "result-ac",
      "memory": "4532",
      "time": "0",
      "language": "Text",
      "length": "48",
      "date": "1566787501"
    },
    {
      "submission_id": "14784891",
      "problem_id": "10949",
      "problem_title": "숫자야구",
      "result": "result-ac",
      "memory": "4532",
      "time": "0",
      "language": "Text",
      "length": "4",
      "date": "1566787340"
    },
    {
      "submission_id": "14784885",
      "problem_id": "10949",
      "problem_title": "숫자야구",
      "result": "result-ac",
      "memory": "4532",
      "time": "0",
      "language": "Text",
      "length": "4",
      "date": "1566787317"
    },
    {
      "submission_id": "14784882",
      "problem_id": "10949",
      "problem_title": "숫자야구",
      "result": "result-ac",
      "memory": "4532",
      "time": "0",
      "language": "Text",
      "length": "4",
      "date": "1566787295"
    },
    {
      "submission_id": "14784869",
      "problem_id": "10949",
      "problem_title": "숫자야구",
      "result": "result-wa",
      "memory": "",
      "time": "",
      "language": "Text",
      "length": "4",
      "date": "1566787257"
    },
    {
      "submission_id": "14784857",
      "problem_id": "10949",
      "problem_title": "숫자야구",
      "result": "result-ac",
      "memory": "4532",
      "time": "0",
      "language": "Text",
      "length": "4",
      "date": "1566787224"
    },
    {
      "submission_id": "14784826",
      "problem_id": "11506",
      "problem_title": "占쏙옙",
      "result": "result-ac",
      "memory": "4532",
      "time": "0",
      "language": "Text",
      "length": "",
      "date": "1566787100"
    },
    {
      "submission_id": "14784822",
      "problem_id": "11506",
      "problem_title": "占쏙옙",
      "result": "result-ce",
      "memory": "",
      "time": "",
      "language": "Java",
      "length": "",
      "date": "1566787088"
    },
    {
      "submission_id": "14784803",
      "problem_id": "9653",
      "problem_title": "스타워즈 로고",
      "result": "result-ac",
      "memory": "4532",
      "time": "0",
      "language": "Text",
      "length": "325",
      "date": "1566787002"
    },
    {
      "submission_id": "14784801",
      "problem_id": "11506",
      "problem_title": "占쏙옙",
      "result": "result-ole",
      "memory": "",
      "time": "",
      "language": "Text",
      "length": "",
      "date": "1566786978"
    },
    {
      "submission_id": "14784773",
      "problem_id": "7287",
      "problem_title": "등록",
      "result": "result-ac",
      "memory": "4532",
      "time": "0",
      "language": "Text",
      "length": "11",
      "date": "1566786897"
    },
    {
      "submission_id": "14784769",
      "problem_id": "7287",
      "problem_title": "등록",
      "result": "result-ce",
      "memory": "",
      "time": "",
      "language": "Java",
      "length": "11",
      "date": "1566786888"
    },
    {
      "submission_id": "14784763",
      "problem_id": "7287",
      "problem_title": "등록",
      "result": "result-wa",
      "memory": "",
      "time": "",
      "language": "Text",
      "length": "12",
      "date": "1566786875"
    },
    {
      "submission_id": "14784738",
      "problem_id": "5339",
      "problem_title": "콜센터",
      "result": "result-ac",
      "memory": "4532",
      "time": "0",
      "language": "Text",
      "length": "117",
      "date": "1566786805"
    },
    {
      "submission_id": "14784727",
      "problem_id": "5338",
      "problem_title": "마이크로소프트 로고",
      "result": "result-ac",
      "memory": "4532",
      "time": "0",
      "language": "Text",
      "length": "83",
      "date": "1566786785"
    },
    {
      "submission_id": "14784721",
      "problem_id": "2557",
      "problem_title": "Hello World",
      "result": "result-ac",
      "memory": "4532",
      "time": "0",
      "language": "Text",
      "length": "12",
      "date": "1566786766"
    },
    {
      "submission_id": "14784713",
      "problem_id": "2555",
      "problem_title": "생일 출력하기",
      "result": "result-ac",
      "memory": "4532",
      "time": "0",
      "language": "Text",
      "length": "5",
      "date": "1566786749"
    },
    {
      "submission_id": "14784710",
      "problem_id": "2555",
      "problem_title": "생일 출력하기",
      "result": "result-ce",
      "memory": "",
      "time": "",
      "language": "Java",
      "length": "5",
      "date": "1566786739"
    },
    {
      "submission_id": "14784642",
      "problem_id": "1237",
      "problem_title": "정ㅋ벅ㅋ",
      "result": "result-ac",
      "memory": "4532",
      "time": "0",
      "language": "Text",
      "length": "",
      "date": "1566786531"
    },
    {
      "submission_id": "14784477",
      "problem_id": "5337",
      "problem_title": "웰컴",
      "result": "result-ac",
      "memory": "4532",
      "time": "0",
      "language": "Text",
      "length": "53",
      "date": "1566785872"
    },
    {
      "submission_id": "14784036",
      "problem_id": "2617",
      "problem_title": "구슬 찾기",
      "result": "result-ac",
      "memory": "14412",
      "time": "116",
      "language": "Java",
      "length": "1920",
      "date": "1566784103"
    },
    {
      "submission_id": "14784021",
      "problem_id": "2617",
      "problem_title": "구슬 찾기",
      "result": "result-ce",
      "memory": "",
      "time": "",
      "language": "Java",
      "length": "1884",
      "date": "1566784036"
    },
    {
      "submission_id": "14782237",
      "problem_id": "2617",
      "problem_title": "구슬 찾기",
      "result": "result-ac",
      "memory": "14352",
      "time": "116",
      "language": "Java",
      "length": "1839",
      "date": "1566756892"
    },
    {
      "submission_id": "14748887",
      "problem_id": "13549",
      "problem_title": "숨바꼭질 3",
      "result": "result-tle",
      "memory": "",
      "time": "",
      "language": "Java",
      "length": "1431",
      "date": "1566557743"
    },
    {
      "submission_id": "14748600",
      "problem_id": "13549",
      "problem_title": "숨바꼭질 3",
      "result": "result-tle",
      "memory": "",
      "time": "",
      "language": "Java",
      "length": "1329",
      "date": "1566556628"
    },
    {
      "submission_id": "14747491",
      "problem_id": "2617",
      "problem_title": "구슬 찾기",
      "result": "result-ac",
      "memory": "14520",
      "time": "124",
      "language": "Java",
      "length": "1889",
      "date": "1566552464"
    },
    {
      "submission_id": "14747107",
      "problem_id": "2617",
      "problem_title": "구슬 찾기",
      "result": "result-wa",
      "memory": "",
      "time": "",
      "language": "Java",
      "length": "1568",
      "date": "1566551129"
    },
    {
      "submission_id": "14747075",
      "problem_id": "2617",
      "problem_title": "구슬 찾기",
      "result": "result-wa",
      "memory": "",
      "time": "",
      "language": "Java",
      "length": "1591",
      "date": "1566551023"
    },
    {
      "submission_id": "14746900",
      "problem_id": "2617",
      "problem_title": "구슬 찾기",
      "result": "result-tle",
      "memory": "",
      "time": "",
      "language": "Java",
      "length": "1671",
      "date": "1566550495"
    },
    {
      "submission_id": "14741691",
      "problem_id": "2617",
      "problem_title": "구슬 찾기",
      "result": "result-wa",
      "memory": "",
      "time": "",
      "language": "Java",
      "length": "1683",
      "date": "1566539018"
    },
    {
      "submission_id": "14741642",
      "problem_id": "2617",
      "problem_title": "구슬 찾기",
      "result": "result-wa",
      "memory": "",
      "time": "",
      "language": "Java",
      "length": "1907",
      "date": "1566538901"
    },
    {
      "submission_id": "14741621",
      "problem_id": "2617",
      "problem_title": "구슬 찾기",
      "result": "result-tle",
      "memory": "",
      "time": "",
      "language": "Java",
      "length": "1905",
      "date": "1566538851"
    },
    {
      "submission_id": "14741598",
      "problem_id": "2617",
      "problem_title": "구슬 찾기",
      "result": "result-wa",
      "memory": "",
      "time": "",
      "language": "Java",
      "length": "1974",
      "date": "1566538790"
    },
    {
      "submission_id": "14739233",
      "problem_id": "2628",
      "problem_title": "종이자르기",
      "result": "result-ac",
      "memory": "19632",
      "time": "224",
      "language": "Java",
      "length": "1545",
      "date": "1566530482"
    },
    {
      "submission_id": "14654314",
      "problem_id": "13549",
      "problem_title": "숨바꼭질 3",
      "result": "result-wa",
      "memory": "",
      "time": "",
      "language": "Java",
      "length": "1180",
      "date": "1566181933"
    },
    {
      "submission_id": "14653103",
      "problem_id": "13549",
      "problem_title": "숨바꼭질 3",
      "result": "result-wa",
      "memory": "",
      "time": "",
      "language": "Java",
      "length": "1149",
      "date": "1566177157"
    },
    {
      "submission_id": "14653015",
      "problem_id": "13549",
      "problem_title": "숨바꼭질 3",
      "result": "result-wa",
      "memory": "",
      "time": "",
      "language": "Java",
      "length": "1127",
      "date": "1566176738"
    },
    {
      "submission_id": "14652853",
      "problem_id": "13549",
      "problem_title": "숨바꼭질 3",
      "result": "result-wa",
      "memory": "",
      "time": "",
      "language": "Java",
      "length": "1149",
      "date": "1566175853"
    },
    {
      "submission_id": "14652840",
      "problem_id": "13549",
      "problem_title": "숨바꼭질 3",
      "result": "result-wa",
      "memory": "",
      "time": "",
      "language": "Java",
      "length": "1070",
      "date": "1566175788"
    },
    {
      "submission_id": "14607198",
      "problem_id": "1967",
      "problem_title": "트리의 지름",
      "result": "result-wa",
      "memory": "",
      "time": "",
      "language": "Java",
      "length": "2451",
      "date": "1565943375"
    },
    {
      "submission_id": "14604083",
      "problem_id": "9426",
      "problem_title": "중앙값 측정",
      "result": "result-ac",
      "memory": "54088",
      "time": "2940",
      "language": "Java",
      "length": "3010",
      "date": "1565937116"
    },
    {
      "submission_id": "14603852",
      "problem_id": "9426",
      "problem_title": "중앙값 측정",
      "result": "result-wa",
      "memory": "",
      "time": "",
      "language": "Java",
      "length": "2993",
      "date": "1565936615"
    },
    {
      "submission_id": "14603535",
      "problem_id": "9426",
      "problem_title": "중앙값 측정",
      "result": "result-wa",
      "memory": "",
      "time": "",
      "language": "Java",
      "length": "2767",
      "date": "1565935921"
    },
    {
      "submission_id": "14602647",
      "problem_id": "9426",
      "problem_title": "중앙값 측정",
      "result": "result-tle",
      "memory": "",
      "time": "",
      "language": "Java",
      "length": "2426",
      "date": "1565933917"
    },
    {
      "submission_id": "14602058",
      "problem_id": "1655",
      "problem_title": "가운데를 말해요",
      "result": "result-rte",
      "memory": "",
      "time": "",
      "language": "Java",
      "length": "2585",
      "date": "1565932510"
    },
    {
      "submission_id": "14602043",
      "problem_id": "1655",
      "problem_title": "가운데를 말해요",
      "result": "result-rte",
      "memory": "",
      "time": "",
      "language": "Java",
      "length": "2557",
      "date": "1565932472"
    },
    {
      "submission_id": "14602031",
      "problem_id": "1655",
      "problem_title": "가운데를 말해요",
      "result": "result-ce",
      "memory": "",
      "time": "",
      "language": "Java",
      "length": "2592",
      "date": "1565932454"
    },
    {
      "submission_id": "14601715",
      "problem_id": "9426",
      "problem_title": "중앙값 측정",
      "result": "result-wa",
      "memory": "",
      "time": "",
      "language": "Java",
      "length": "2235",
      "date": "1565931594"
    },
    {
      "submission_id": "14599889",
      "problem_id": "1655",
      "problem_title": "가운데를 말해요",
      "result": "result-ac",
      "memory": "33304",
      "time": "504",
      "language": "Java",
      "length": "1304",
      "date": "1565924542"
    },
    {
      "submission_id": "14599375",
      "problem_id": "1655",
      "problem_title": "가운데를 말해요",
      "result": "result-wa",
      "memory": "",
      "time": "",
      "language": "Java",
      "length": "1221",
      "date": "1565922569"
    },
    {
      "submission_id": "14598617",
      "problem_id": "1655",
      "problem_title": "가운데를 말해요",
      "result": "result-wa",
      "memory": "",
      "time": "",
      "language": "Java",
      "length": "1824",
      "date": "1565919646"
    },
    {
      "submission_id": "14598488",
      "problem_id": "1655",
      "problem_title": "가운데를 말해요",
      "result": "result-wa",
      "memory": "",
      "time": "",
      "language": "Java",
      "length": "1859",
      "date": "1565918968"
    },
    {
      "submission_id": "14598330",
      "problem_id": "1655",
      "problem_title": "가운데를 말해요",
      "result": "result-wa",
      "memory": "",
      "time": "",
      "language": "Java",
      "length": "1825",
      "date": "1565918345"
    },
    {
      "submission_id": "14598191",
      "problem_id": "1655",
      "problem_title": "가운데를 말해요",
      "result": "result-wa",
      "memory": "",
      "time": "",
      "language": "Java",
      "length": "1881",
      "date": "1565917810"
    },
    {
      "submission_id": "14598188",
      "problem_id": "1655",
      "problem_title": "가운데를 말해요",
      "result": "result-wa",
      "memory": "",
      "time": "",
      "language": "Java",
      "length": "1881",
      "date": "1565917800"
    },
    {
      "submission_id": "14598163",
      "problem_id": "1655",
      "problem_title": "가운데를 말해요",
      "result": "result-wa",
      "memory": "",
      "time": "",
      "language": "Java",
      "length": "1826",
      "date": "1565917705"
    },
    {
      "submission_id": "14598099",
      "problem_id": "1655",
      "problem_title": "가운데를 말해요",
      "result": "result-wa",
      "memory": "",
      "time": "",
      "language": "Java",
      "length": "1837",
      "date": "1565917366"
    },
    {
      "submission_id": "14598096",
      "problem_id": "1655",
      "problem_title": "가운데를 말해요",
      "result": "result-wa",
      "memory": "",
      "time": "",
      "language": "Java",
      "length": "1837",
      "date": "1565917357"
    },
    {
      "submission_id": "14597850",
      "problem_id": "1655",
      "problem_title": "가운데를 말해요",
      "result": "result-wa",
      "memory": "",
      "time": "",
      "language": "Java",
      "length": "1798",
      "date": "1565915968"
    },
    {
      "submission_id": "14597842",
      "problem_id": "1655",
      "problem_title": "가운데를 말해요",
      "result": "result-ce",
      "memory": "",
      "time": "",
      "language": "Java",
      "length": "1833",
      "date": "1565915936"
    },
    {
      "submission_id": "14597835",
      "problem_id": "1655",
      "problem_title": "가운데를 말해요",
      "result": "result-mle",
      "memory": "",
      "time": "",
      "language": "Java",
      "length": "1790",
      "date": "1565915907"
    },
    {
      "submission_id": "14536435",
      "problem_id": "2629",
      "problem_title": "양팔저울",
      "result": "result-ac",
      "memory": "13048",
      "time": "84",
      "language": "Java",
      "length": "1579",
      "date": "1565660246"
    },
    {
      "submission_id": "14536252",
      "problem_id": "2629",
      "problem_title": "양팔저울",
      "result": "result-wa",
      "memory": "",
      "time": "",
      "language": "Java",
      "length": "1599",
      "date": "1565659648"
    },
    {
      "submission_id": "14536206",
      "problem_id": "2629",
      "problem_title": "양팔저울",
      "result": "result-wa",
      "memory": "",
      "time": "",
      "language": "Java",
      "length": "1589",
      "date": "1565659483"
    },
    {
      "submission_id": "14536099",
      "problem_id": "2629",
      "problem_title": "양팔저울",
      "result": "result-mle",
      "memory": "",
      "time": "",
      "language": "Java",
      "length": "1541",
      "date": "1565658875"
    },
    {
      "submission_id": "14536079",
      "problem_id": "2629",
      "problem_title": "양팔저울",
      "result": "result-mle",
      "memory": "",
      "time": "",
      "language": "Java",
      "length": "1516",
      "date": "1565658769"
    },
    {
      "submission_id": "14523597",
      "problem_id": "17406",
      "problem_title": "배열 돌리기 4",
      "result": "result-ac",
      "memory": "21712",
      "time": "168",
      "language": "Java",
      "length": "3775",
      "date": "1565598824"
    },
    {
      "submission_id": "14522792",
      "problem_id": "17406",
      "problem_title": "배열 돌리기 4",
      "result": "result-wa",
      "memory": "",
      "time": "",
      "language": "Java",
      "length": "3767",
      "date": "1565597257"
    },
    {
      "submission_id": "14521868",
      "problem_id": "2468",
      "problem_title": "안전 영역",
      "result": "result-ac",
      "memory": "55632",
      "time": "292",
      "language": "Java",
      "length": "3318",
      "date": "1565595497"
    },
    {
      "submission_id": "14521766",
      "problem_id": "2468",
      "problem_title": "안전 영역",
      "result": "result-wa",
      "memory": "",
      "time": "",
      "language": "Java",
      "length": "3318",
      "date": "1565595330"
    },
    {
      "submission_id": "14521723",
      "problem_id": "2468",
      "problem_title": "안전 영역",
      "result": "result-wa",
      "memory": "",
      "time": "",
      "language": "Java",
      "length": "3268",
      "date": "1565595250"
    },
    {
      "submission_id": "14520846",
      "problem_id": "2468",
      "problem_title": "안전 영역",
      "result": "result-wa",
      "memory": "",
      "time": "",
      "language": "Java",
      "length": "3244",
      "date": "1565593518"
    },
    {
      "submission_id": "14439083",
      "problem_id": "17086",
      "problem_title": "아기 상어 2",
      "result": "result-wa",
      "memory": "",
      "time": "",
      "language": "Java",
      "length": "1445",
      "date": "1565238920"
    },
    {
      "submission_id": "14437189",
      "problem_id": "14891",
      "problem_title": "톱니바퀴",
      "result": "result-ac",
      "memory": "13000",
      "time": "80",
      "language": "Java",
      "length": "2689",
      "date": "1565232521"
    },
    {
      "submission_id": "14436635",
      "problem_id": "15662",
      "problem_title": "톱니바퀴 (2)",
      "result": "result-ac",
      "memory": "21764",
      "time": "168",
      "language": "Java",
      "length": "2656",
      "date": "1565231053"
    },
    {
      "submission_id": "14434519",
      "problem_id": "17281",
      "problem_title": "⚾",
      "result": "result-ac",
      "memory": "63980",
      "time": "432",
      "language": "Java",
      "length": "2691",
      "date": "1565222335"
    },
    {
      "submission_id": "14406244",
      "problem_id": "17281",
      "problem_title": "⚾",
      "result": "result-tle",
      "memory": "",
      "time": "",
      "language": "Java",
      "length": "2858",
      "date": "1565105066"
    },
    {
      "submission_id": "14405540",
      "problem_id": "17281",
      "problem_title": "⚾",
      "result": "result-tle",
      "memory": "",
      "time": "",
      "language": "Java",
      "length": "2711",
      "date": "1565102684"
    },
    {
      "submission_id": "14399707",
      "problem_id": "3184",
      "problem_title": "양",
      "result": "result-ac",
      "memory": "59180",
      "time": "396",
      "language": "Java",
      "length": "3130",
      "date": "1565087697"
    },
    {
      "submission_id": "14398512",
      "problem_id": "17143",
      "problem_title": "낚시왕",
      "result": "result-ac",
      "memory": "35044",
      "time": "940",
      "language": "Java",
      "length": "4293",
      "date": "1565084219"
    },
    {
      "submission_id": "14389435",
      "problem_id": "17135",
      "problem_title": "캐슬 디펜스",
      "result": "result-ac",
      "memory": "47200",
      "time": "288",
      "language": "Java",
      "length": "6177",
      "date": "1565068436"
    },
    {
      "submission_id": "14386991",
      "problem_id": "17135",
      "problem_title": "캐슬 디펜스",
      "result": "result-wa",
      "memory": "",
      "time": "",
      "language": "Java",
      "length": "5850",
      "date": "1565062800"
    },
    {
      "submission_id": "14386976",
      "problem_id": "17135",
      "problem_title": "캐슬 디펜스",
      "result": "result-rte",
      "memory": "",
      "time": "",
      "language": "Java",
      "length": "5873",
      "date": "1565062764"
    },
    {
      "submission_id": "14386755",
      "problem_id": "17135",
      "problem_title": "캐슬 디펜스",
      "result": "result-wa",
      "memory": "",
      "time": "",
      "language": "Java",
      "length": "5669",
      "date": "1565061965"
    },
    {
      "submission_id": "14373892",
      "problem_id": "17136",
      "problem_title": "색종이 붙이기",
      "result": "result-ac",
      "memory": "21628",
      "time": "240",
      "language": "Java",
      "length": "2979",
      "date": "1565001660"
    },
    {
      "submission_id": "14373468",
      "problem_id": "17136",
      "problem_title": "색종이 붙이기",
      "result": "result-wa",
      "memory": "",
      "time": "",
      "language": "Java",
      "length": "2925",
      "date": "1565000642"
    },
    {
      "submission_id": "14373257",
      "problem_id": "17136",
      "problem_title": "색종이 붙이기",
      "result": "result-wa",
      "memory": "",
      "time": "",
      "language": "Java",
      "length": "2933",
      "date": "1565000064"
    },
    {
      "submission_id": "14369843",
      "problem_id": "16637",
      "problem_title": "괄호 추가하기",
      "result": "result-ac",
      "memory": "12912",
      "time": "72",
      "language": "Java",
      "length": "1962",
      "date": "1564991851"
    },
    {
      "submission_id": "14364842",
      "problem_id": "16637",
      "problem_title": "괄호 추가하기",
      "result": "result-wa",
      "memory": "",
      "time": "",
      "language": "Java",
      "length": "2111",
      "date": "1564982919"
    },
    {
      "submission_id": "14364555",
      "problem_id": "16637",
      "problem_title": "괄호 추가하기",
      "result": "result-wa",
      "memory": "",
      "time": "",
      "language": "Java",
      "length": "1997",
      "date": "1564982313"
    },
    {
      "submission_id": "14364268",
      "problem_id": "16637",
      "problem_title": "괄호 추가하기",
      "result": "result-wa",
      "memory": "",
      "time": "",
      "language": "Java",
      "length": "1762",
      "date": "1564981764"
    },
    {
      "submission_id": "14364097",
      "problem_id": "16637",
      "problem_title": "괄호 추가하기",
      "result": "result-wa",
      "memory": "",
      "time": "",
      "language": "Java",
      "length": "1763",
      "date": "1564981394"
    },
    {
      "submission_id": "14363515",
      "problem_id": "16637",
      "problem_title": "괄호 추가하기",
      "result": "result-wa",
      "memory": "",
      "time": "",
      "language": "Java",
      "length": "1732",
      "date": "1564980078"
    },
    {
      "submission_id": "14363491",
      "problem_id": "16637",
      "problem_title": "괄호 추가하기",
      "result": "result-ce",
      "memory": "",
      "time": "",
      "language": "Java",
      "length": "1759",
      "date": "1564980039"
    },
    {
      "submission_id": "14363472",
      "problem_id": "16637",
      "problem_title": "괄호 추가하기",
      "result": "result-wa",
      "memory": "",
      "time": "",
      "language": "Java",
      "length": "1728",
      "date": "1564980000"
    },
    {
      "submission_id": "14264517",
      "problem_id": "2493",
      "problem_title": "탑",
      "result": "result-ac",
      "memory": "104060",
      "time": "584",
      "language": "Java",
      "length": "1182",
      "date": "1564531821"
    },
    {
      "submission_id": "14195901",
      "problem_id": "9663",
      "problem_title": "N-Queen",
      "result": "result-ac",
      "memory": "14828",
      "time": "4884",
      "language": "Java",
      "length": "1624",
      "date": "1564314153"
    },
    {
      "submission_id": "14148806",
      "problem_id": "16194",
      "problem_title": "카드 구매하기 2",
      "result": "result-ac",
      "memory": "17512",
      "time": "168",
      "language": "Java",
      "length": "470",
      "date": "1564050811"
    },
    {
      "submission_id": "14148778",
      "problem_id": "11052",
      "problem_title": "카드 구매하기",
      "result": "result-ac",
      "memory": "18116",
      "time": "168",
      "language": "Java",
      "length": "577",
      "date": "1564050707"
    },
    {
      "submission_id": "14092725",
      "problem_id": "11727",
      "problem_title": "2×n 타일링 2",
      "result": "result-ac",
      "memory": "14276",
      "time": "108",
      "language": "Java",
      "length": "390",
      "date": "1563844343"
    },
    {
      "submission_id": "14091676",
      "problem_id": "11726",
      "problem_title": "2×n 타일링",
      "result": "result-ac",
      "memory": "14284",
      "time": "108",
      "language": "Java",
      "length": "418",
      "date": "1563838729"
    },
    {
      "submission_id": "14091662",
      "problem_id": "11726",
      "problem_title": "2×n 타일링",
      "result": "result-ac",
      "memory": "14260",
      "time": "100",
      "language": "Java",
      "length": "375",
      "date": "1563838550"
    },
    {
      "submission_id": "14091657",
      "problem_id": "11726",
      "problem_title": "2×n 타일링",
      "result": "result-wa",
      "memory": "",
      "time": "",
      "language": "Java",
      "length": "337",
      "date": "1563838435"
    },
    {
      "submission_id": "14080888",
      "problem_id": "15988",
      "problem_title": "1, 2, 3 더하기 3",
      "result": "result-ac",
      "memory": "22932",
      "time": "164",
      "language": "Java",
      "length": "724",
      "date": "1563785020"
    },
    {
      "submission_id": "14080852",
      "problem_id": "15988",
      "problem_title": "1, 2, 3 더하기 3",
      "result": "result-ac",
      "memory": "22968",
      "time": "1472",
      "language": "Java",
      "length": "714",
      "date": "1563784918"
    },
    {
      "submission_id": "14080810",
      "problem_id": "15988",
      "problem_title": "1, 2, 3 더하기 3",
      "result": "result-wa",
      "memory": "",
      "time": "",
      "language": "Java",
      "length": "714",
      "date": "1563784839"
    },
    {
      "submission_id": "14080752",
      "problem_id": "15988",
      "problem_title": "1, 2, 3 더하기 3",
      "result": "result-wa",
      "memory": "",
      "time": "",
      "language": "Java",
      "length": "710",
      "date": "1563784710"
    },
    {
      "submission_id": "14080386",
      "problem_id": "9095",
      "problem_title": "1, 2, 3 더하기",
      "result": "result-ac",
      "memory": "14252",
      "time": "112",
      "language": "Java",
      "length": "577",
      "date": "1563783846"
    },
    {
      "submission_id": "14080334",
      "problem_id": "9095",
      "problem_title": "1, 2, 3 더하기",
      "result": "result-wa",
      "memory": "",
      "time": "",
      "language": "Java",
      "length": "494",
      "date": "1563783735"
    },
    {
      "submission_id": "14079204",
      "problem_id": "1463",
      "problem_title": "1로 만들기",
      "result": "result-ac",
      "memory": "18388",
      "time": "136",
      "language": "Java",
      "length": "616",
      "date": "1563781450"
    },
    {
      "submission_id": "14079057",
      "problem_id": "1463",
      "problem_title": "1로 만들기",
      "result": "result-wa",
      "memory": "",
      "time": "",
      "language": "Java",
      "length": "609",
      "date": "1563781190"
    },
    {
      "submission_id": "14078652",
      "problem_id": "1463",
      "problem_title": "1로 만들기",
      "result": "result-wa",
      "memory": "",
      "time": "",
      "language": "Java 11",
      "length": "454",
      "date": "1563780333"
    },
    {
      "submission_id": "14078567",
      "problem_id": "1463",
      "problem_title": "1로 만들기",
      "result": "result-ce",
      "memory": "",
      "time": "",
      "language": "Java (OpenJDK)",
      "length": "457",
      "date": "1563780167"
    },
    {
      "submission_id": "13822948",
      "problem_id": "11399",
      "problem_title": "ATM",
      "result": "result-ac",
      "memory": "29056",
      "time": "60",
      "language": "Python 3",
      "length": "151",
      "date": "1562582608"
    },
    {
      "submission_id": "13822558",
      "problem_id": "1931",
      "problem_title": "회의실배정",
      "result": "result-ac",
      "memory": "43564",
      "time": "4388",
      "language": "Python 3",
      "length": "353",
      "date": "1562581623"
    },
    {
      "submission_id": "13821880",
      "problem_id": "11047",
      "problem_title": "동전 0",
      "result": "result-ac",
      "memory": "29056",
      "time": "60",
      "language": "Python 3",
      "length": "291",
      "date": "1562579556"
    },
    {
      "submission_id": "13821855",
      "problem_id": "11047",
      "problem_title": "동전 0",
      "result": "result-wa",
      "memory": "",
      "time": "",
      "language": "Python 3",
      "length": "290",
      "date": "1562579487"
    },
    {
      "submission_id": "13821734",
      "problem_id": "11047",
      "problem_title": "동전 0",
      "result": "result-rte",
      "memory": "",
      "time": "",
      "language": "Python 3",
      "length": "287",
      "date": "1562579068"
    },
    {
      "submission_id": "3012909",
      "problem_id": "10253",
      "problem_title": "헨리",
      "result": "result-wa",
      "memory": "",
      "time": "",
      "language": "C",
      "length": "2199",
      "date": "1464424844"
    },
    {
      "submission_id": "3009630",
      "problem_id": "10253",
      "problem_title": "헨리",
      "result": "result-tle",
      "memory": "",
      "time": "",
      "language": "C",
      "length": "888",
      "date": "1464418773"
    },
    {
      "submission_id": "3009572",
      "problem_id": "10253",
      "problem_title": "헨리",
      "result": "result-tle",
      "memory": "",
      "time": "",
      "language": "C",
      "length": "2109",
      "date": "1464418689"
    }
  ]