[
    {
      "submission_id": "17056607",
      "problem_id": "17244",
      "problem_title": "아맞다우산",
      "result": "result-wa",
      "memory": "",
      "time": "",
      "language": "Java",
      "length": "3208",
      "date": "1579251289"
    },
    {
      "submission_id": "17056598",
      "problem_id": "17244",
      "problem_title": "아맞다우산",
      "result": "result-wa",
      "memory": "",
      "time": "",
      "language": "Java",
      "length": "3208",
      "date": "1579251268"
    },
    {
      "submission_id": "17035006",
      "problem_id": "14499",
      "problem_title": "주사위 굴리기",
      "result": "result-ac",
      "memory": "13948",
      "time": "120",
      "language": "Java",
      "length": "2405",
      "date": "1579166301"
    },
    {
      "submission_id": "16977768",
      "problem_id": "1547",
      "problem_title": "공",
      "result": "result-ac",
      "memory": "12984",
      "time": "80",
      "language": "Java",
      "length": "920",
      "date": "1578979172"
    },
    {
      "submission_id": "16884189",
      "problem_id": "10171",
      "problem_title": "고양이",
      "result": "result-ac",
      "memory": "12744",
      "time": "72",
      "language": "Java",
      "length": "133",
      "date": "1578573120"
    },
    {
      "submission_id": "16879380",
      "problem_id": "10171",
      "problem_title": "고양이",
      "result": "result-pe",
      "memory": "",
      "time": "",
      "language": "Java",
      "length": "187",
      "date": "1578560264"
    },
    {
      "submission_id": "16879314",
      "problem_id": "10171",
      "problem_title": "고양이",
      "result": "result-pe",
      "memory": "",
      "time": "",
      "language": "Java",
      "length": "167",
      "date": "1578560137"
    },
    {
      "submission_id": "16879276",
      "problem_id": "10171",
      "problem_title": "고양이",
      "result": "result-pe",
      "memory": "",
      "time": "",
      "language": "Java",
      "length": "167",
      "date": "1578560063"
    },
    {
      "submission_id": "16878302",
      "problem_id": "13458",
      "problem_title": "시험 감독",
      "result": "result-ac",
      "memory": "122768",
      "time": "412",
      "language": "Java",
      "length": "881",
      "date": "1578558334"
    },
    {
      "submission_id": "16878234",
      "problem_id": "13458",
      "problem_title": "시험 감독",
      "result": "result-wa",
      "memory": "",
      "time": "",
      "language": "Java",
      "length": "878",
      "date": "1578558193"
    },
    {
      "submission_id": "16874873",
      "problem_id": "2573",
      "problem_title": "빙산",
      "result": "result-ac",
      "memory": "195140",
      "time": "668",
      "language": "Java",
      "length": "2924",
      "date": "1578552351"
    },
    {
      "submission_id": "16867326",
      "problem_id": "1261",
      "problem_title": "알고스팟",
      "result": "result-ac",
      "memory": "14072",
      "time": "104",
      "language": "Java",
      "length": "1508",
      "date": "1578532882"
    },
    {
      "submission_id": "16841468",
      "problem_id": "1261",
      "problem_title": "알고스팟",
      "result": "result-tle",
      "memory": "",
      "time": "",
      "language": "Java",
      "length": "1342",
      "date": "1578449885"
    },
    {
      "submission_id": "16840353",
      "problem_id": "7562",
      "problem_title": "나이트의 이동",
      "result": "result-ac",
      "memory": "63960",
      "time": "252",
      "language": "Java",
      "length": "1624",
      "date": "1578446720"
    },
    {
      "submission_id": "16828924",
      "problem_id": "11559",
      "problem_title": "Puyo Puyo",
      "result": "result-ac",
      "memory": "13084",
      "time": "80",
      "language": "Java",
      "length": "2063",
      "date": "1578389184"
    },
    {
      "submission_id": "16823847",
      "problem_id": "17406",
      "problem_title": "배열 돌리기 4",
      "result": "result-ac",
      "memory": "24264",
      "time": "284",
      "language": "Java",
      "length": "2410",
      "date": "1578377989"
    },
    {
      "submission_id": "16566481",
      "problem_id": "1057",
      "problem_title": "토너먼트",
      "result": "result-ac",
      "memory": "13188",
      "time": "80",
      "language": "Java",
      "length": "899",
      "date": "1577089150"
    },
    {
      "submission_id": "16566348",
      "problem_id": "1057",
      "problem_title": "토너먼트",
      "result": "result-tle",
      "memory": "",
      "time": "",
      "language": "Java",
      "length": "904",
      "date": "1577088767"
    },
    {
      "submission_id": "16527997",
      "problem_id": "15684",
      "problem_title": "사다리 조작",
      "result": "result-tle",
      "memory": "",
      "time": "",
      "language": "Java",
      "length": "2222",
      "date": "1576800105"
    },
    {
      "submission_id": "16520276",
      "problem_id": "15684",
      "problem_title": "사다리 조작",
      "result": "result-tle",
      "memory": "",
      "time": "",
      "language": "Java",
      "length": "2214",
      "date": "1576737506"
    },
    {
      "submission_id": "16520029",
      "problem_id": "15684",
      "problem_title": "사다리 조작",
      "result": "result-tle",
      "memory": "",
      "time": "",
      "language": "Java",
      "length": "1835",
      "date": "1576736451"
    },
    {
      "submission_id": "16518359",
      "problem_id": "11048",
      "problem_title": "이동하기",
      "result": "result-ac",
      "memory": "113004",
      "time": "532",
      "language": "Java",
      "length": "1377",
      "date": "1576727096"
    },
    {
      "submission_id": "16516781",
      "problem_id": "17136",
      "problem_title": "색종이 붙이기",
      "result": "result-ac",
      "memory": "23668",
      "time": "312",
      "language": "Java",
      "length": "2110",
      "date": "1576715064"
    },
    {
      "submission_id": "16505617",
      "problem_id": "11559",
      "problem_title": "Puyo Puyo",
      "result": "result-tle",
      "memory": "",
      "time": "",
      "language": "Java",
      "length": "3081",
      "date": "1576641848"
    },
    {
      "submission_id": "16505354",
      "problem_id": "11559",
      "problem_title": "Puyo Puyo",
      "result": "result-tle",
      "memory": "",
      "time": "",
      "language": "Java",
      "length": "2700",
      "date": "1576639898"
    },
    {
      "submission_id": "16505268",
      "problem_id": "11559",
      "problem_title": "Puyo Puyo",
      "result": "result-tle",
      "memory": "",
      "time": "",
      "language": "Java",
      "length": "2278",
      "date": "1576639322"
    },
    {
      "submission_id": "16504597",
      "problem_id": "11559",
      "problem_title": "Puyo Puyo",
      "result": "result-tle",
      "memory": "",
      "time": "",
      "language": "Java",
      "length": "2183",
      "date": "1576635148"
    },
    {
      "submission_id": "16504564",
      "problem_id": "11559",
      "problem_title": "Puyo Puyo",
      "result": "result-tle",
      "memory": "",
      "time": "",
      "language": "Java",
      "length": "2139",
      "date": "1576634925"
    },
    {
      "submission_id": "16493477",
      "problem_id": "14502",
      "problem_title": "연구소",
      "result": "result-ac",
      "memory": "285464",
      "time": "840",
      "language": "Java",
      "length": "2287",
      "date": "1576557342"
    },
    {
      "submission_id": "16481126",
      "problem_id": "1697",
      "problem_title": "숨바꼭질",
      "result": "result-ac",
      "memory": "17668",
      "time": "116",
      "language": "Java",
      "length": "1265",
      "date": "1576468273"
    },
    {
      "submission_id": "16481024",
      "problem_id": "6603",
      "problem_title": "로또",
      "result": "result-ac",
      "memory": "14300",
      "time": "76",
      "language": "Java",
      "length": "1123",
      "date": "1576467569"
    },
    {
      "submission_id": "16480047",
      "problem_id": "1697",
      "problem_title": "숨바꼭질",
      "result": "result-wa",
      "memory": "",
      "time": "",
      "language": "Java",
      "length": "1082",
      "date": "1576461344"
    },
    {
      "submission_id": "16480019",
      "problem_id": "1697",
      "problem_title": "숨바꼭질",
      "result": "result-rte",
      "memory": "",
      "time": "",
      "language": "Java",
      "length": "1033",
      "date": "1576461212"
    },
    {
      "submission_id": "16479731",
      "problem_id": "17281",
      "problem_title": "⚾",
      "result": "result-ac",
      "memory": "63268",
      "time": "484",
      "language": "Java",
      "length": "2636",
      "date": "1576459417"
    },
    {
      "submission_id": "16479728",
      "problem_id": "17281",
      "problem_title": "⚾",
      "result": "result-ce",
      "memory": "",
      "time": "",
      "language": "Java",
      "length": "2643",
      "date": "1576459405"
    },
    {
      "submission_id": "16453146",
      "problem_id": "1707",
      "problem_title": "이분 그래프",
      "result": "result-ac",
      "memory": "289188",
      "time": "980",
      "language": "Java",
      "length": "1675",
      "date": "1576211390"
    },
    {
      "submission_id": "16451626",
      "problem_id": "15683",
      "problem_title": "감시",
      "result": "result-tle",
      "memory": "",
      "time": "",
      "language": "Java",
      "length": "5653",
      "date": "1576200736"
    },
    {
      "submission_id": "16427631",
      "problem_id": "1012",
      "problem_title": "유기농 배추",
      "result": "result-ac",
      "memory": "15192",
      "time": "112",
      "language": "Java",
      "length": "1697",
      "date": "1576028796"
    },
    {
      "submission_id": "16427573",
      "problem_id": "1012",
      "problem_title": "유기농 배추",
      "result": "result-ac",
      "memory": "14852",
      "time": "112",
      "language": "Java",
      "length": "1484",
      "date": "1576028507"
    },
    {
      "submission_id": "16427408",
      "problem_id": "1697",
      "problem_title": "숨바꼭질",
      "result": "result-tle",
      "memory": "",
      "time": "",
      "language": "Java",
      "length": "1204",
      "date": "1576027464"
    },
    {
      "submission_id": "16427397",
      "problem_id": "1697",
      "problem_title": "숨바꼭질",
      "result": "result-rte",
      "memory": "",
      "time": "",
      "language": "Java",
      "length": "1203",
      "date": "1576027380"
    },
    {
      "submission_id": "16427393",
      "problem_id": "1697",
      "problem_title": "숨바꼭질",
      "result": "result-rte",
      "memory": "",
      "time": "",
      "language": "Java",
      "length": "1204",
      "date": "1576027367"
    },
    {
      "submission_id": "16427389",
      "problem_id": "1697",
      "problem_title": "숨바꼭질",
      "result": "result-rte",
      "memory": "",
      "time": "",
      "language": "Java",
      "length": "1202",
      "date": "1576027352"
    },
    {
      "submission_id": "16427372",
      "problem_id": "1697",
      "problem_title": "숨바꼭질",
      "result": "result-tle",
      "memory": "",
      "time": "",
      "language": "Java",
      "length": "1208",
      "date": "1576027254"
    },
    {
      "submission_id": "16426919",
      "problem_id": "1697",
      "problem_title": "숨바꼭질",
      "result": "result-rte",
      "memory": "",
      "time": "",
      "language": "Java",
      "length": "1208",
      "date": "1576023390"
    },
    {
      "submission_id": "16426903",
      "problem_id": "1697",
      "problem_title": "숨바꼭질",
      "result": "result-rte",
      "memory": "",
      "time": "",
      "language": "Java",
      "length": "1178",
      "date": "1576023257"
    },
    {
      "submission_id": "16426900",
      "problem_id": "1697",
      "problem_title": "숨바꼭질",
      "result": "result-rte",
      "memory": "",
      "time": "",
      "language": "Java",
      "length": "1182",
      "date": "1576023219"
    },
    {
      "submission_id": "16418935",
      "problem_id": "1697",
      "problem_title": "숨바꼭질",
      "result": "result-rte",
      "memory": "",
      "time": "",
      "language": "Java",
      "length": "1197",
      "date": "1575964022"
    },
    {
      "submission_id": "16418928",
      "problem_id": "1697",
      "problem_title": "숨바꼭질",
      "result": "result-rte",
      "memory": "",
      "time": "",
      "language": "Java",
      "length": "1221",
      "date": "1575963990"
    },
    {
      "submission_id": "16417710",
      "problem_id": "1697",
      "problem_title": "숨바꼭질",
      "result": "result-wa",
      "memory": "",
      "time": "",
      "language": "Java",
      "length": "981",
      "date": "1575958725"
    },
    {
      "submission_id": "16415864",
      "problem_id": "17822",
      "problem_title": "원판 돌리기",
      "result": "result-ac",
      "memory": "15720",
      "time": "156",
      "language": "Java",
      "length": "3273",
      "date": "1575948839"
    },
    {
      "submission_id": "16250607",
      "problem_id": "7569",
      "problem_title": "토마토",
      "result": "result-ac",
      "memory": "123624",
      "time": "624",
      "language": "Java",
      "length": "2152",
      "date": "1574670384"
    },
    {
      "submission_id": "16250559",
      "problem_id": "7569",
      "problem_title": "토마토",
      "result": "result-wa",
      "memory": "",
      "time": "",
      "language": "Java",
      "length": "2059",
      "date": "1574670227"
    },
    {
      "submission_id": "16174385",
      "problem_id": "7569",
      "problem_title": "토마토",
      "result": "result-wa",
      "memory": "",
      "time": "",
      "language": "Java",
      "length": "3010",
      "date": "1574144450"
    },
    {
      "submission_id": "16174141",
      "problem_id": "7569",
      "problem_title": "토마토",
      "result": "result-wa",
      "memory": "",
      "time": "",
      "language": "Java",
      "length": "2901",
      "date": "1574143540"
    },
    {
      "submission_id": "16172580",
      "problem_id": "7569",
      "problem_title": "토마토",
      "result": "result-tle",
      "memory": "",
      "time": "",
      "language": "Java",
      "length": "2224",
      "date": "1574137901"
    },
    {
      "submission_id": "16169709",
      "problem_id": "3190",
      "problem_title": "뱀",
      "result": "result-ac",
      "memory": "14024",
      "time": "92",
      "language": "Java",
      "length": "2990",
      "date": "1574116280"
    },
    {
      "submission_id": "16164647",
      "problem_id": "3190",
      "problem_title": "뱀",
      "result": "result-ac",
      "memory": "14288",
      "time": "100",
      "language": "Java",
      "length": "3897",
      "date": "1574078712"
    },
    {
      "submission_id": "16154774",
      "problem_id": "1966",
      "problem_title": "프린터 큐",
      "result": "result-ac",
      "memory": "20348",
      "time": "244",
      "language": "Java",
      "length": "1300",
      "date": "1574044591"
    },
    {
      "submission_id": "16123573",
      "problem_id": "15657",
      "problem_title": "N과 M (8)",
      "result": "result-ac",
      "memory": "21972",
      "time": "108",
      "language": "Java",
      "length": "1109",
      "date": "1573798230"
    },
    {
      "submission_id": "16122442",
      "problem_id": "15656",
      "problem_title": "N과 M (7)",
      "result": "result-ac",
      "memory": "538124",
      "time": "972",
      "language": "Java",
      "length": "1107",
      "date": "1573794241"
    },
    {
      "submission_id": "16122155",
      "problem_id": "15655",
      "problem_title": "N과 M (6)",
      "result": "result-ac",
      "memory": "12964",
      "time": "72",
      "language": "Java",
      "length": "1154",
      "date": "1573793242"
    },
    {
      "submission_id": "16121506",
      "problem_id": "15654",
      "problem_title": "N과 M (5)",
      "result": "result-ac",
      "memory": "70652",
      "time": "328",
      "language": "Java",
      "length": "1168",
      "date": "1573790239"
    },
    {
      "submission_id": "16121419",
      "problem_id": "15652",
      "problem_title": "N과 M (4)",
      "result": "result-ac",
      "memory": "22312",
      "time": "112",
      "language": "Java",
      "length": "876",
      "date": "1573789575"
    },
    {
      "submission_id": "16121017",
      "problem_id": "15652",
      "problem_title": "N과 M (4)",
      "result": "result-wa",
      "memory": "",
      "time": "",
      "language": "Java",
      "length": "830",
      "date": "1573786021"
    },
    {
      "submission_id": "16120924",
      "problem_id": "15652",
      "problem_title": "N과 M (4)",
      "result": "result-wa",
      "memory": "",
      "time": "",
      "language": "Java",
      "length": "852",
      "date": "1573785428"
    },
    {
      "submission_id": "16120759",
      "problem_id": "15649",
      "problem_title": "N과 M (1)",
      "result": "result-ac",
      "memory": "52476",
      "time": "220",
      "language": "Java",
      "length": "959",
      "date": "1573784565"
    },
    {
      "submission_id": "16120753",
      "problem_id": "15649",
      "problem_title": "N과 M (1)",
      "result": "result-ce",
      "memory": "",
      "time": "",
      "language": "Java",
      "length": "972",
      "date": "1573784553"
    },
    {
      "submission_id": "16120637",
      "problem_id": "15651",
      "problem_title": "N과 M (3)",
      "result": "result-ac",
      "memory": "296508",
      "time": "552",
      "language": "Java",
      "length": "849",
      "date": "1573784072"
    },
    {
      "submission_id": "16119728",
      "problem_id": "15651",
      "problem_title": "N과 M (3)",
      "result": "result-tle",
      "memory": "",
      "time": "",
      "language": "Java",
      "length": "791",
      "date": "1573778618"
    },
    {
      "submission_id": "16119681",
      "problem_id": "15650",
      "problem_title": "N과 M (2)",
      "result": "result-ac",
      "memory": "12948",
      "time": "76",
      "language": "Java",
      "length": "883",
      "date": "1573778158"
    },
    {
      "submission_id": "16119350",
      "problem_id": "15649",
      "problem_title": "N과 M (1)",
      "result": "result-ac",
      "memory": "72568",
      "time": "1008",
      "language": "Java",
      "length": "894",
      "date": "1573775510"
    },
    {
      "submission_id": "16114047",
      "problem_id": "10974",
      "problem_title": "모든 순열",
      "result": "result-ac",
      "memory": "71180",
      "time": "1128",
      "language": "Java",
      "length": "792",
      "date": "1573729021"
    },
    {
      "submission_id": "16114028",
      "problem_id": "10974",
      "problem_title": "모든 순열",
      "result": "result-pe",
      "memory": "",
      "time": "",
      "language": "Java",
      "length": "800",
      "date": "1573728965"
    },
    {
      "submission_id": "16109134",
      "problem_id": "15686",
      "problem_title": "치킨 배달",
      "result": "result-ac",
      "memory": "366392",
      "time": "2444",
      "language": "Java",
      "length": "3043",
      "date": "1573712498"
    },
    {
      "submission_id": "16107123",
      "problem_id": "17069",
      "problem_title": "파이프 옮기기 2",
      "result": "result-ac",
      "memory": "13304",
      "time": "80",
      "language": "Java",
      "length": "2288",
      "date": "1573705621"
    },
    {
      "submission_id": "16105810",
      "problem_id": "15686",
      "problem_title": "치킨 배달",
      "result": "result-ac",
      "memory": "366080",
      "time": "2416",
      "language": "Java",
      "length": "3041",
      "date": "1573698525"
    },
    {
      "submission_id": "16105806",
      "problem_id": "15686",
      "problem_title": "치킨 배달",
      "result": "result-ce",
      "memory": "",
      "time": "",
      "language": "Java",
      "length": "3099",
      "date": "1573698495"
    },
    {
      "submission_id": "16090085",
      "problem_id": "17070",
      "problem_title": "파이프 옮기기 1",
      "result": "result-ac",
      "memory": "14184",
      "time": "168",
      "language": "Java",
      "length": "1264",
      "date": "1573619188"
    },
    {
      "submission_id": "16087829",
      "problem_id": "17836",
      "problem_title": "공주님을 구해라!",
      "result": "result-ac",
      "memory": "14800",
      "time": "120",
      "language": "Java",
      "length": "2716",
      "date": "1573607663"
    },
    {
      "submission_id": "16087825",
      "problem_id": "17836",
      "problem_title": "공주님을 구해라!",
      "result": "result-ce",
      "memory": "",
      "time": "",
      "language": "Java",
      "length": "2728",
      "date": "1573607645"
    },
    {
      "submission_id": "16087812",
      "problem_id": "17836",
      "problem_title": "공주님을 구해라!",
      "result": "result-wa",
      "memory": "",
      "time": "",
      "language": "Java",
      "length": "2713",
      "date": "1573607575"
    },
    {
      "submission_id": "16087749",
      "problem_id": "17836",
      "problem_title": "공주님을 구해라!",
      "result": "result-wa",
      "memory": "",
      "time": "",
      "language": "Java",
      "length": "2705",
      "date": "1573607162"
    },
    {
      "submission_id": "16087649",
      "problem_id": "17836",
      "problem_title": "공주님을 구해라!",
      "result": "result-wa",
      "memory": "",
      "time": "",
      "language": "Java",
      "length": "2609",
      "date": "1573606283"
    },
    {
      "submission_id": "16087345",
      "problem_id": "17836",
      "problem_title": "공주님을 구해라!",
      "result": "result-wa",
      "memory": "",
      "time": "",
      "language": "Java",
      "length": "3106",
      "date": "1573603104"
    },
    {
      "submission_id": "16085005",
      "problem_id": "17836",
      "problem_title": "공주님을 구해라!",
      "result": "result-wa",
      "memory": "",
      "time": "",
      "language": "Java",
      "length": "2898",
      "date": "1573570536"
    },
    {
      "submission_id": "16084950",
      "problem_id": "17836",
      "problem_title": "공주님을 구해라!",
      "result": "result-wa",
      "memory": "",
      "time": "",
      "language": "Java",
      "length": "2696",
      "date": "1573570368"
    },
    {
      "submission_id": "16084743",
      "problem_id": "17836",
      "problem_title": "공주님을 구해라!",
      "result": "result-wa",
      "memory": "",
      "time": "",
      "language": "Java",
      "length": "2541",
      "date": "1573569646"
    },
    {
      "submission_id": "16077268",
      "problem_id": "17836",
      "problem_title": "공주님을 구해라!",
      "result": "result-wa",
      "memory": "",
      "time": "",
      "language": "Java",
      "length": "1976",
      "date": "1573544806"
    },
    {
      "submission_id": "16075739",
      "problem_id": "17836",
      "problem_title": "공주님을 구해라!",
      "result": "result-wa",
      "memory": "",
      "time": "",
      "language": "Java",
      "length": "1946",
      "date": "1573539887"
    },
    {
      "submission_id": "16075523",
      "problem_id": "17836",
      "problem_title": "공주님을 구해라!",
      "result": "result-wa",
      "memory": "",
      "time": "",
      "language": "Java",
      "length": "1944",
      "date": "1573539200"
    },
    {
      "submission_id": "16075497",
      "problem_id": "17836",
      "problem_title": "공주님을 구해라!",
      "result": "result-wa",
      "memory": "",
      "time": "",
      "language": "Java",
      "length": "1944",
      "date": "1573539088"
    },
    {
      "submission_id": "16074709",
      "problem_id": "17836",
      "problem_title": "공주님을 구해라!",
      "result": "result-wa",
      "memory": "",
      "time": "",
      "language": "Java",
      "length": "1929",
      "date": "1573536547"
    },
    {
      "submission_id": "16059579",
      "problem_id": "16987",
      "problem_title": "계란으로 계란치기",
      "result": "result-ac",
      "memory": "16176",
      "time": "220",
      "language": "Java",
      "length": "2059",
      "date": "1573453564"
    },
    {
      "submission_id": "16041347",
      "problem_id": "3055",
      "problem_title": "탈출",
      "result": "result-ac",
      "memory": "13212",
      "time": "76",
      "language": "Java",
      "length": "2633",
      "date": "1573315350"
    },
    {
      "submission_id": "15981664",
      "problem_id": "1436",
      "problem_title": "영화감독 숌",
      "result": "result-ac",
      "memory": "13012",
      "time": "116",
      "language": "Java",
      "length": "724",
      "date": "1572950946"
    },
    {
      "submission_id": "15981554",
      "problem_id": "1436",
      "problem_title": "영화감독 숌",
      "result": "result-ac",
      "memory": "13024",
      "time": "120",
      "language": "Java",
      "length": "954",
      "date": "1572950655"
    },
    {
      "submission_id": "15981543",
      "problem_id": "1436",
      "problem_title": "영화감독 숌",
      "result": "result-ce",
      "memory": "",
      "time": "",
      "language": "Java",
      "length": "954",
      "date": "1572950623"
    },
    {
      "submission_id": "15981517",
      "problem_id": "1436",
      "problem_title": "영화감독 숌",
      "result": "result-ce",
      "memory": "",
      "time": "",
      "language": "Java",
      "length": "955",
      "date": "1572950562"
    },
    {
      "submission_id": "15981230",
      "problem_id": "1436",
      "problem_title": "영화감독 숌",
      "result": "result-ac",
      "memory": "160088",
      "time": "352",
      "language": "Java",
      "length": "509",
      "date": "1572949667"
    },
    {
      "submission_id": "15970780",
      "problem_id": "1094",
      "problem_title": "막대기",
      "result": "result-ac",
      "memory": "12944",
      "time": "72",
      "language": "Java",
      "length": "1185",
      "date": "1572910471"
    },
    {
      "submission_id": "15966663",
      "problem_id": "2455",
      "problem_title": "지능형 기차",
      "result": "result-ac",
      "memory": "12908",
      "time": "76",
      "language": "Java",
      "length": "713",
      "date": "1572873522"
    },
    {
      "submission_id": "15962372",
      "problem_id": "2161",
      "problem_title": "카드1",
      "result": "result-ac",
      "memory": "14112",
      "time": "96",
      "language": "Java",
      "length": "904",
      "date": "1572860012"
    },
    {
      "submission_id": "15962337",
      "problem_id": "2161",
      "problem_title": "카드1",
      "result": "result-wa",
      "memory": "",
      "time": "",
      "language": "Java",
      "length": "815",
      "date": "1572859886"
    },
    {
      "submission_id": "15962331",
      "problem_id": "2161",
      "problem_title": "카드1",
      "result": "result-wa",
      "memory": "",
      "time": "",
      "language": "Java",
      "length": "815",
      "date": "1572859864"
    },
    {
      "submission_id": "15962234",
      "problem_id": "2161",
      "problem_title": "카드1",
      "result": "result-rte",
      "memory": "",
      "time": "",
      "language": "Java",
      "length": "834",
      "date": "1572859534"
    },
    {
      "submission_id": "15962224",
      "problem_id": "2161",
      "problem_title": "카드1",
      "result": "result-rte",
      "memory": "",
      "time": "",
      "language": "Java",
      "length": "837",
      "date": "1572859488"
    },
    {
      "submission_id": "15962209",
      "problem_id": "2161",
      "problem_title": "카드1",
      "result": "result-wa",
      "memory": "",
      "time": "",
      "language": "Java",
      "length": "834",
      "date": "1572859437"
    },
    {
      "submission_id": "15962188",
      "problem_id": "2161",
      "problem_title": "카드1",
      "result": "result-wa",
      "memory": "",
      "time": "",
      "language": "Java",
      "length": "869",
      "date": "1572859351"
    },
    {
      "submission_id": "15905492",
      "problem_id": "1149",
      "problem_title": "RGB거리",
      "result": "result-ac",
      "memory": "13500",
      "time": "88",
      "language": "Java",
      "length": "1193",
      "date": "1572482233"
    },
    {
      "submission_id": "15897327",
      "problem_id": "1149",
      "problem_title": "RGB거리",
      "result": "result-tle",
      "memory": "",
      "time": "",
      "language": "Java",
      "length": "1273",
      "date": "1572425029"
    },
    {
      "submission_id": "15891251",
      "problem_id": "3190",
      "problem_title": "뱀",
      "result": "result-ac",
      "memory": "14168",
      "time": "100",
      "language": "Java",
      "length": "2412",
      "date": "1572399374"
    },
    {
      "submission_id": "15874732",
      "problem_id": "1018",
      "problem_title": "체스판 다시 칠하기",
      "result": "result-ac",
      "memory": "13872",
      "time": "88",
      "language": "Java",
      "length": "1836",
      "date": "1572275157"
    },
    {
      "submission_id": "15872784",
      "problem_id": "2146",
      "problem_title": "다리 만들기",
      "result": "result-ac",
      "memory": "364528",
      "time": "3668",
      "language": "Java",
      "length": "2733",
      "date": "1572267001"
    },
    {
      "submission_id": "15872144",
      "problem_id": "2146",
      "problem_title": "다리 만들기",
      "result": "result-tle",
      "memory": "",
      "time": "",
      "language": "Java",
      "length": "2805",
      "date": "1572264359"
    },
    {
      "submission_id": "15871011",
      "problem_id": "2146",
      "problem_title": "다리 만들기",
      "result": "result-wa",
      "memory": "",
      "time": "",
      "language": "Java",
      "length": "3209",
      "date": "1572259364"
    },
    {
      "submission_id": "15870744",
      "problem_id": "2146",
      "problem_title": "다리 만들기",
      "result": "result-wa",
      "memory": "",
      "time": "",
      "language": "Java",
      "length": "2857",
      "date": "1572258222"
    },
    {
      "submission_id": "15864894",
      "problem_id": "1389",
      "problem_title": "케빈 베이컨의 6단계 법칙",
      "result": "result-ac",
      "memory": "13104",
      "time": "80",
      "language": "Java",
      "length": "1558",
      "date": "1572236140"
    },
    {
      "submission_id": "15864888",
      "problem_id": "1389",
      "problem_title": "케빈 베이컨의 6단계 법칙",
      "result": "result-ce",
      "memory": "",
      "time": "",
      "language": "Java",
      "length": "1563",
      "date": "1572236120"
    },
    {
      "submission_id": "15814113",
      "problem_id": "10026",
      "problem_title": "적록색약",
      "result": "result-ac",
      "memory": "14124",
      "time": "92",
      "language": "Java",
      "length": "2189",
      "date": "1571823100"
    },
    {
      "submission_id": "15813282",
      "problem_id": "1987",
      "problem_title": "알파벳",
      "result": "result-ac",
      "memory": "15460",
      "time": "972",
      "language": "Java",
      "length": "1421",
      "date": "1571819305"
    },
    {
      "submission_id": "15813149",
      "problem_id": "1987",
      "problem_title": "알파벳",
      "result": "result-wa",
      "memory": "",
      "time": "",
      "language": "Java",
      "length": "1432",
      "date": "1571818853"
    },
    {
      "submission_id": "15813042",
      "problem_id": "1987",
      "problem_title": "알파벳",
      "result": "result-wa",
      "memory": "",
      "time": "",
      "language": "Java",
      "length": "1447",
      "date": "1571818476"
    },
    {
      "submission_id": "15813003",
      "problem_id": "1987",
      "problem_title": "알파벳",
      "result": "result-wa",
      "memory": "",
      "time": "",
      "language": "Java",
      "length": "1448",
      "date": "1571818344"
    },
    {
      "submission_id": "15812856",
      "problem_id": "1987",
      "problem_title": "알파벳",
      "result": "result-wa",
      "memory": "",
      "time": "",
      "language": "Java",
      "length": "1274",
      "date": "1571817919"
    },
    {
      "submission_id": "15811227",
      "problem_id": "13023",
      "problem_title": "ABCDE",
      "result": "result-ac",
      "memory": "20036",
      "time": "360",
      "language": "Java",
      "length": "1523",
      "date": "1571811753"
    },
    {
      "submission_id": "15811198",
      "problem_id": "13023",
      "problem_title": "ABCDE",
      "result": "result-wa",
      "memory": "",
      "time": "",
      "language": "Java",
      "length": "1523",
      "date": "1571811647"
    },
    {
      "submission_id": "15803405",
      "problem_id": "13023",
      "problem_title": "ABCDE",
      "result": "result-tle",
      "memory": "",
      "time": "",
      "language": "Java",
      "length": "1518",
      "date": "1571746693"
    },
    {
      "submission_id": "15803391",
      "problem_id": "13023",
      "problem_title": "ABCDE",
      "result": "result-tle",
      "memory": "",
      "time": "",
      "language": "Java",
      "length": "1483",
      "date": "1571746612"
    },
    {
      "submission_id": "15803386",
      "problem_id": "13023",
      "problem_title": "ABCDE",
      "result": "result-ce",
      "memory": "",
      "time": "",
      "language": "Java",
      "length": "1463",
      "date": "1571746595"
    },
    {
      "submission_id": "15803356",
      "problem_id": "13023",
      "problem_title": "ABCDE",
      "result": "result-tle",
      "memory": "",
      "time": "",
      "language": "Java",
      "length": "1430",
      "date": "1571746505"
    },
    {
      "submission_id": "15794039",
      "problem_id": "2667",
      "problem_title": "단지번호붙이기",
      "result": "result-ac",
      "memory": "13100",
      "time": "84",
      "language": "Java",
      "length": "1578",
      "date": "1571700537"
    },
    {
      "submission_id": "15792344",
      "problem_id": "2468",
      "problem_title": "안전 영역",
      "result": "result-ac",
      "memory": "58424",
      "time": "268",
      "language": "Java",
      "length": "1846",
      "date": "1571669442"
    },
    {
      "submission_id": "15791854",
      "problem_id": "2583",
      "problem_title": "영역 구하기",
      "result": "result-ac",
      "memory": "13516",
      "time": "84",
      "language": "Java",
      "length": "1971",
      "date": "1571667229"
    },
    {
      "submission_id": "15787494",
      "problem_id": "6603",
      "problem_title": "로또",
      "result": "result-ac",
      "memory": "15696",
      "time": "176",
      "language": "Java",
      "length": "1074",
      "date": "1571647574"
    },
    {
      "submission_id": "15785878",
      "problem_id": "1260",
      "problem_title": "DFS와 BFS",
      "result": "result-ac",
      "memory": "22984",
      "time": "280",
      "language": "Java",
      "length": "1892",
      "date": "1571641605"
    },
    {
      "submission_id": "15785437",
      "problem_id": "11724",
      "problem_title": "연결 요소의 개수",
      "result": "result-ac",
      "memory": "119724",
      "time": "476",
      "language": "Java",
      "length": "1071",
      "date": "1571639969"
    },
    {
      "submission_id": "15785358",
      "problem_id": "11724",
      "problem_title": "연결 요소의 개수",
      "result": "result-wa",
      "memory": "",
      "time": "",
      "language": "Java",
      "length": "1203",
      "date": "1571639660"
    },
    {
      "submission_id": "15785146",
      "problem_id": "11724",
      "problem_title": "연결 요소의 개수",
      "result": "result-wa",
      "memory": "",
      "time": "",
      "language": "Java",
      "length": "1153",
      "date": "1571638743"
    },
    {
      "submission_id": "15784670",
      "problem_id": "11724",
      "problem_title": "연결 요소의 개수",
      "result": "result-wa",
      "memory": "",
      "time": "",
      "language": "Java",
      "length": "1132",
      "date": "1571637267"
    },
    {
      "submission_id": "15783040",
      "problem_id": "1260",
      "problem_title": "DFS와 BFS",
      "result": "result-wa",
      "memory": "",
      "time": "",
      "language": "Java",
      "length": "2364",
      "date": "1571629529"
    },
    {
      "submission_id": "15783009",
      "problem_id": "1260",
      "problem_title": "DFS와 BFS",
      "result": "result-wa",
      "memory": "",
      "time": "",
      "language": "Java",
      "length": "2275",
      "date": "1571629238"
    },
    {
      "submission_id": "15782556",
      "problem_id": "1260",
      "problem_title": "DFS와 BFS",
      "result": "result-wa",
      "memory": "",
      "time": "",
      "language": "Java",
      "length": "2160",
      "date": "1571625677"
    },
    {
      "submission_id": "15702063",
      "problem_id": "14891",
      "problem_title": "톱니바퀴",
      "result": "result-ac",
      "memory": "13208",
      "time": "76",
      "language": "Java",
      "length": "5070",
      "date": "1571210220"
    },
    {
      "submission_id": "15697830",
      "problem_id": "11403",
      "problem_title": "경로 찾기",
      "result": "result-ac",
      "memory": "41064",
      "time": "480",
      "language": "Java",
      "length": "1299",
      "date": "1571199231"
    },
    {
      "submission_id": "15696368",
      "problem_id": "11403",
      "problem_title": "경로 찾기",
      "result": "result-ac",
      "memory": "18532",
      "time": "532",
      "language": "Java",
      "length": "1244",
      "date": "1571193041"
    },
    {
      "submission_id": "15695238",
      "problem_id": "11403",
      "problem_title": "경로 찾기",
      "result": "result-wa",
      "memory": "",
      "time": "",
      "language": "Java",
      "length": "1134",
      "date": "1571187678"
    },
    {
      "submission_id": "15694997",
      "problem_id": "11403",
      "problem_title": "경로 찾기",
      "result": "result-wa",
      "memory": "",
      "time": "",
      "language": "Java",
      "length": "1153",
      "date": "1571186493"
    },
    {
      "submission_id": "15692949",
      "problem_id": "14890",
      "problem_title": "경사로",
      "result": "result-ac",
      "memory": "14180",
      "time": "100",
      "language": "Java",
      "length": "3081",
      "date": "1571155379"
    },
    {
      "submission_id": "15692931",
      "problem_id": "14890",
      "problem_title": "경사로",
      "result": "result-wa",
      "memory": "",
      "time": "",
      "language": "Java",
      "length": "3079",
      "date": "1571155277"
    },
    {
      "submission_id": "15691921",
      "problem_id": "14890",
      "problem_title": "경사로",
      "result": "result-wa",
      "memory": "",
      "time": "",
      "language": "Java",
      "length": "2976",
      "date": "1571151929"
    },
    {
      "submission_id": "15685348",
      "problem_id": "17471",
      "problem_title": "게리맨더링",
      "result": "result-ac",
      "memory": "13688",
      "time": "92",
      "language": "Java",
      "length": "3410",
      "date": "1571134585"
    },
    {
      "submission_id": "15685335",
      "problem_id": "17471",
      "problem_title": "게리맨더링",
      "result": "result-ce",
      "memory": "",
      "time": "",
      "language": "Java",
      "length": "3420",
      "date": "1571134564"
    },
    {
      "submission_id": "15684944",
      "problem_id": "17471",
      "problem_title": "게리맨더링",
      "result": "result-ac",
      "memory": "14036",
      "time": "96",
      "language": "Java",
      "length": "2864",
      "date": "1571133493"
    },
    {
      "submission_id": "15673427",
      "problem_id": "1062",
      "problem_title": "가르침",
      "result": "result-tle",
      "memory": "",
      "time": "",
      "language": "Java",
      "length": "2061",
      "date": "1571096627"
    },
    {
      "submission_id": "15669926",
      "problem_id": "1062",
      "problem_title": "가르침",
      "result": "result-tle",
      "memory": "",
      "time": "",
      "language": "Java",
      "length": "2060",
      "date": "1571062532"
    },
    {
      "submission_id": "15666961",
      "problem_id": "1062",
      "problem_title": "가르침",
      "result": "result-tle",
      "memory": "",
      "time": "",
      "language": "Java",
      "length": "1971",
      "date": "1571054455"
    },
    {
      "submission_id": "15666945",
      "problem_id": "1062",
      "problem_title": "가르침",
      "result": "result-ole",
      "memory": "",
      "time": "",
      "language": "Java",
      "length": "1998",
      "date": "1571054414"
    },
    {
      "submission_id": "15661985",
      "problem_id": "1062",
      "problem_title": "가르침",
      "result": "result-wa",
      "memory": "",
      "time": "",
      "language": "Java",
      "length": "2441",
      "date": "1571039064"
    },
    {
      "submission_id": "15660618",
      "problem_id": "1062",
      "problem_title": "가르침",
      "result": "result-tle",
      "memory": "",
      "time": "",
      "language": "Java",
      "length": "2206",
      "date": "1571035212"
    },
    {
      "submission_id": "15660267",
      "problem_id": "1062",
      "problem_title": "가르침",
      "result": "result-tle",
      "memory": "",
      "time": "",
      "language": "Java",
      "length": "2104",
      "date": "1571034164"
    },
    {
      "submission_id": "15660159",
      "problem_id": "1062",
      "problem_title": "가르침",
      "result": "result-tle",
      "memory": "",
      "time": "",
      "language": "Java",
      "length": "1961",
      "date": "1571033769"
    },
    {
      "submission_id": "15659400",
      "problem_id": "1062",
      "problem_title": "가르침",
      "result": "result-tle",
      "memory": "",
      "time": "",
      "language": "Java",
      "length": "1890",
      "date": "1571031160"
    },
    {
      "submission_id": "15659377",
      "problem_id": "1062",
      "problem_title": "가르침",
      "result": "result-wa",
      "memory": "",
      "time": "",
      "language": "Java",
      "length": "1872",
      "date": "1571031061"
    },
    {
      "submission_id": "15659287",
      "problem_id": "1062",
      "problem_title": "가르침",
      "result": "result-tle",
      "memory": "",
      "time": "",
      "language": "Java",
      "length": "1802",
      "date": "1571030786"
    },
    {
      "submission_id": "15658665",
      "problem_id": "1062",
      "problem_title": "가르침",
      "result": "result-tle",
      "memory": "",
      "time": "",
      "language": "Java",
      "length": "1868",
      "date": "1571028518"
    },
    {
      "submission_id": "15658612",
      "problem_id": "1062",
      "problem_title": "가르침",
      "result": "result-tle",
      "memory": "",
      "time": "",
      "language": "Java",
      "length": "1749",
      "date": "1571028345"
    },
    {
      "submission_id": "15656725",
      "problem_id": "1062",
      "problem_title": "가르침",
      "result": "result-wa",
      "memory": "",
      "time": "",
      "language": "Java",
      "length": "872",
      "date": "1571020098"
    },
    {
      "submission_id": "15655897",
      "problem_id": "9376",
      "problem_title": "탈옥",
      "result": "result-tle",
      "memory": "",
      "time": "",
      "language": "Java",
      "length": "2589",
      "date": "1571016887"
    },
    {
      "submission_id": "15655624",
      "problem_id": "9376",
      "problem_title": "탈옥",
      "result": "result-tle",
      "memory": "",
      "time": "",
      "language": "Java",
      "length": "2570",
      "date": "1571015214"
    },
    {
      "submission_id": "15655549",
      "problem_id": "9376",
      "problem_title": "탈옥",
      "result": "result-tle",
      "memory": "",
      "time": "",
      "language": "Java",
      "length": "2558",
      "date": "1571014752"
    },
    {
      "submission_id": "15655021",
      "problem_id": "1786",
      "problem_title": "찾기",
      "result": "result-tle",
      "memory": "",
      "time": "",
      "language": "Java",
      "length": "1304",
      "date": "1571010591"
    },
    {
      "submission_id": "15571176",
      "problem_id": "2667",
      "problem_title": "단지번호붙이기",
      "result": "result-ac",
      "memory": "13496",
      "time": "88",
      "language": "Java",
      "length": "1938",
      "date": "1570544871"
    },
    {
      "submission_id": "15571132",
      "problem_id": "2667",
      "problem_title": "단지번호붙이기",
      "result": "result-wa",
      "memory": "",
      "time": "",
      "language": "Java",
      "length": "1920",
      "date": "1570544747"
    },
    {
      "submission_id": "15571126",
      "problem_id": "2667",
      "problem_title": "단지번호붙이기",
      "result": "result-ce",
      "memory": "",
      "time": "",
      "language": "Java",
      "length": "1946",
      "date": "1570544727"
    },
    {
      "submission_id": "15561939",
      "problem_id": "2667",
      "problem_title": "단지번호붙이기",
      "result": "result-wa",
      "memory": "",
      "time": "",
      "language": "Java",
      "length": "1911",
      "date": "1570518044"
    },
    {
      "submission_id": "15552900",
      "problem_id": "2667",
      "problem_title": "단지번호붙이기",
      "result": "result-wa",
      "memory": "",
      "time": "",
      "language": "Java",
      "length": "1895",
      "date": "1570463786"
    },
    {
      "submission_id": "15552778",
      "problem_id": "2667",
      "problem_title": "단지번호붙이기",
      "result": "result-wa",
      "memory": "",
      "time": "",
      "language": "Java",
      "length": "1768",
      "date": "1570463411"
    },
    {
      "submission_id": "15552709",
      "problem_id": "2667",
      "problem_title": "단지번호붙이기",
      "result": "result-wa",
      "memory": "",
      "time": "",
      "language": "Java",
      "length": "1766",
      "date": "1570463170"
    },
    {
      "submission_id": "15552639",
      "problem_id": "2667",
      "problem_title": "단지번호붙이기",
      "result": "result-wa",
      "memory": "",
      "time": "",
      "language": "Java",
      "length": "1616",
      "date": "1570462896"
    },
    {
      "submission_id": "15543243",
      "problem_id": "2636",
      "problem_title": "치즈",
      "result": "result-ac",
      "memory": "15076",
      "time": "104",
      "language": "Java",
      "length": "1917",
      "date": "1570437737"
    },
    {
      "submission_id": "15358022",
      "problem_id": "1325",
      "problem_title": "효율적인 해킹",
      "result": "result-tle",
      "memory": "",
      "time": "",
      "language": "Java",
      "length": "1609",
      "date": "1569540876"
    },
    {
      "submission_id": "15338060",
      "problem_id": "1325",
      "problem_title": "효율적인 해킹",
      "result": "result-tle",
      "memory": "",
      "time": "",
      "language": "Java",
      "length": "1411",
      "date": "1569460714"
    },
    {
      "submission_id": "15321085",
      "problem_id": "1012",
      "problem_title": "유기농 배추",
      "result": "result-ac",
      "memory": "14772",
      "time": "104",
      "language": "Java",
      "length": "1489",
      "date": "1569390390"
    },
    {
      "submission_id": "15320633",
      "problem_id": "1012",
      "problem_title": "유기농 배추",
      "result": "result-ac",
      "memory": "15652",
      "time": "124",
      "language": "Java",
      "length": "2164",
      "date": "1569389351"
    },
    {
      "submission_id": "15320300",
      "problem_id": "1012",
      "problem_title": "유기농 배추",
      "result": "result-ac",
      "memory": "15100",
      "time": "112",
      "language": "Java",
      "length": "1720",
      "date": "1569388634"
    },
    {
      "submission_id": "15320279",
      "problem_id": "1012",
      "problem_title": "유기농 배추",
      "result": "result-wa",
      "memory": "",
      "time": "",
      "language": "Java",
      "length": "1732",
      "date": "1569388587"
    },
    {
      "submission_id": "15320074",
      "problem_id": "9205",
      "problem_title": "맥주 마시면서 걸어가기",
      "result": "result-ac",
      "memory": "20724",
      "time": "308",
      "language": "Java",
      "length": "1532",
      "date": "1569387999"
    },
    {
      "submission_id": "15205003",
      "problem_id": "1012",
      "problem_title": "유기농 배추",
      "result": "result-ac",
      "memory": "16460",
      "time": "124",
      "language": "Java",
      "length": "1594",
      "date": "1568878068"
    },
    {
      "submission_id": "15204713",
      "problem_id": "14888",
      "problem_title": "연산자 끼워넣기",
      "result": "result-ac",
      "memory": "25872",
      "time": "172",
      "language": "Java",
      "length": "1779",
      "date": "1568877422"
    },
    {
      "submission_id": "15199731",
      "problem_id": "2660",
      "problem_title": "회장뽑기",
      "result": "result-ac",
      "memory": "13032",
      "time": "76",
      "language": "Java",
      "length": "1664",
      "date": "1568862569"
    },
    {
      "submission_id": "15199593",
      "problem_id": "2660",
      "problem_title": "회장뽑기",
      "result": "result-wa",
      "memory": "",
      "time": "",
      "language": "Java",
      "length": "1891",
      "date": "1568861875"
    },
    {
      "submission_id": "15199430",
      "problem_id": "2660",
      "problem_title": "회장뽑기",
      "result": "result-wa",
      "memory": "",
      "time": "",
      "language": "Java",
      "length": "2210",
      "date": "1568861079"
    },
    {
      "submission_id": "15086157",
      "problem_id": "1325",
      "problem_title": "효율적인 해킹",
      "result": "result-tle",
      "memory": "",
      "time": "",
      "language": "Java",
      "length": "1543",
      "date": "1568171690"
    },
    {
      "submission_id": "15086028",
      "problem_id": "1325",
      "problem_title": "효율적인 해킹",
      "result": "result-tle",
      "memory": "",
      "time": "",
      "language": "Java",
      "length": "1531",
      "date": "1568170982"
    },
    {
      "submission_id": "14978409",
      "problem_id": "3109",
      "problem_title": "빵집",
      "result": "result-ac",
      "memory": "33516",
      "time": "312",
      "language": "Java",
      "length": "1174",
      "date": "1567651556"
    },
    {
      "submission_id": "14978385",
      "problem_id": "3109",
      "problem_title": "빵집",
      "result": "result-wa",
      "memory": "",
      "time": "",
      "language": "Java",
      "length": "1172",
      "date": "1567651430"
    },
    {
      "submission_id": "14955506",
      "problem_id": "2669",
      "problem_title": "직사각형 네개의 합집합의 면적 구하기",
      "result": "result-ac",
      "memory": "12976",
      "time": "76",
      "language": "Java",
      "length": "958",
      "date": "1567566063"
    },
    {
      "submission_id": "14955499",
      "problem_id": "2669",
      "problem_title": "직사각형 네개의 합집합의 면적 구하기",
      "result": "result-rte",
      "memory": "",
      "time": "",
      "language": "Java",
      "length": "955",
      "date": "1567566035"
    },
    {
      "submission_id": "14952931",
      "problem_id": "14502",
      "problem_title": "연구소",
      "result": "result-ac",
      "memory": "284552",
      "time": "1160",
      "language": "Java",
      "length": "3712",
      "date": "1567553519"
    },
    {
      "submission_id": "14940668",
      "problem_id": "17144",
      "problem_title": "미세먼지 안녕!",
      "result": "result-ac",
      "memory": "34328",
      "time": "296",
      "language": "Java",
      "length": "2914",
      "date": "1567498913"
    },
    {
      "submission_id": "14940651",
      "problem_id": "17144",
      "problem_title": "미세먼지 안녕!",
      "result": "result-ce",
      "memory": "",
      "time": "",
      "language": "Java",
      "length": "2954",
      "date": "1567498889"
    },
    {
      "submission_id": "14868317",
      "problem_id": "3985",
      "problem_title": "롤 케이크",
      "result": "result-ac",
      "memory": "13304",
      "time": "96",
      "language": "Java",
      "length": "1393",
      "date": "1567119719"
    },
    {
      "submission_id": "14868312",
      "problem_id": "3985",
      "problem_title": "롤 케이크",
      "result": "result-ce",
      "memory": "",
      "time": "",
      "language": "Java",
      "length": "1409",
      "date": "1567119648"
    },
    {
      "submission_id": "14864144",
      "problem_id": "3985",
      "problem_title": "롤 케이크",
      "result": "result-wa",
      "memory": "",
      "time": "",
      "language": "Java",
      "length": "1215",
      "date": "1567087220"
    },
    {
      "submission_id": "14864137",
      "problem_id": "3985",
      "problem_title": "롤 케이크",
      "result": "result-ole",
      "memory": "",
      "time": "",
      "language": "Java",
      "length": "1300",
      "date": "1567087194"
    },
    {
      "submission_id": "14863474",
      "problem_id": "3985",
      "problem_title": "롤 케이크",
      "result": "result-wa",
      "memory": "",
      "time": "",
      "language": "Java",
      "length": "1258",
      "date": "1567085388"
    },
    {
      "submission_id": "14863213",
      "problem_id": "3985",
      "problem_title": "롤 케이크",
      "result": "result-wa",
      "memory": "",
      "time": "",
      "language": "Java",
      "length": "1150",
      "date": "1567084558"
    },
    {
      "submission_id": "14863079",
      "problem_id": "3985",
      "problem_title": "롤 케이크",
      "result": "result-wa",
      "memory": "",
      "time": "",
      "language": "Java",
      "length": "1120",
      "date": "1567084153"
    },
    {
      "submission_id": "14863066",
      "problem_id": "3985",
      "problem_title": "롤 케이크",
      "result": "result-wa",
      "memory": "",
      "time": "",
      "language": "Java",
      "length": "1120",
      "date": "1567084115"
    },
    {
      "submission_id": "14863051",
      "problem_id": "3985",
      "problem_title": "롤 케이크",
      "result": "result-ole",
      "memory": "",
      "time": "",
      "language": "Java",
      "length": "1212",
      "date": "1567084085"
    },
    {
      "submission_id": "14862761",
      "problem_id": "3985",
      "problem_title": "롤 케이크",
      "result": "result-wa",
      "memory": "",
      "time": "",
      "language": "Java",
      "length": "1038",
      "date": "1567083247"
    },
    {
      "submission_id": "14862022",
      "problem_id": "2999",
      "problem_title": "비밀 이메일",
      "result": "result-ac",
      "memory": "12876",
      "time": "72",
      "language": "Java",
      "length": "760",
      "date": "1567081372"
    },
    {
      "submission_id": "14862013",
      "problem_id": "2999",
      "problem_title": "비밀 이메일",
      "result": "result-ce",
      "memory": "",
      "time": "",
      "language": "Java",
      "length": "797",
      "date": "1567081345"
    },
    {
      "submission_id": "14861672",
      "problem_id": "2999",
      "problem_title": "비밀 이메일",
      "result": "result-wa",
      "memory": "",
      "time": "",
      "language": "Java",
      "length": "816",
      "date": "1567080351"
    },
    {
      "submission_id": "14860516",
      "problem_id": "2999",
      "problem_title": "비밀 이메일",
      "result": "result-wa",
      "memory": "",
      "time": "",
      "language": "Java",
      "length": "859",
      "date": "1567077519"
    },
    {
      "submission_id": "14857728",
      "problem_id": "2999",
      "problem_title": "비밀 이메일",
      "result": "result-rte",
      "memory": "",
      "time": "",
      "language": "Java",
      "length": "809",
      "date": "1567068913"
    },
    {
      "submission_id": "14857667",
      "problem_id": "2999",
      "problem_title": "비밀 이메일",
      "result": "result-rte",
      "memory": "",
      "time": "",
      "language": "Java",
      "length": "809",
      "date": "1567068768"
    },
    {
      "submission_id": "14857152",
      "problem_id": "11399",
      "problem_title": "ATM",
      "result": "result-ac",
      "memory": "13288",
      "time": "84",
      "language": "Java",
      "length": "678",
      "date": "1567067786"
    },
    {
      "submission_id": "14857141",
      "problem_id": "11399",
      "problem_title": "ATM",
      "result": "result-ce",
      "memory": "",
      "time": "",
      "language": "Java",
      "length": "704",
      "date": "1567067765"
    },
    {
      "submission_id": "14856739",
      "problem_id": "8958",
      "problem_title": "OX퀴즈",
      "result": "result-ac",
      "memory": "13084",
      "time": "80",
      "language": "Java",
      "length": "607",
      "date": "1567067061"
    },
    {
      "submission_id": "14856440",
      "problem_id": "2567",
      "problem_title": "색종이 - 2",
      "result": "result-ac",
      "memory": "13048",
      "time": "84",
      "language": "Java",
      "length": "1145",
      "date": "1567066500"
    },
    {
      "submission_id": "14856384",
      "problem_id": "1592",
      "problem_title": "영식이와 친구들",
      "result": "result-ac",
      "memory": "13048",
      "time": "80",
      "language": "Java",
      "length": "997",
      "date": "1567066418"
    },
    {
      "submission_id": "14829148",
      "problem_id": "2667",
      "problem_title": "단지번호붙이기",
      "result": "result-ac",
      "memory": "13204",
      "time": "88",
      "language": "Java",
      "length": "1700",
      "date": "1566967082"
    },
    {
      "submission_id": "14828972",
      "problem_id": "2667",
      "problem_title": "단지번호붙이기",
      "result": "result-ac",
      "memory": "13212",
      "time": "92",
      "language": "Java",
      "length": "1737",
      "date": "1566966599"
    },
    {
      "submission_id": "14828957",
      "problem_id": "2667",
      "problem_title": "단지번호붙이기",
      "result": "result-ole",
      "memory": "",
      "time": "",
      "language": "Java",
      "length": "1904",
      "date": "1566966555"
    },
    {
      "submission_id": "14827666",
      "problem_id": "3980",
      "problem_title": "선발 명단",
      "result": "result-ac",
      "memory": "14768",
      "time": "128",
      "language": "Java",
      "length": "1496",
      "date": "1566961273"
    },
    {
      "submission_id": "14825572",
      "problem_id": "3980",
      "problem_title": "선발 명단",
      "result": "result-wa",
      "memory": "",
      "time": "",
      "language": "Java",
      "length": "1493",
      "date": "1566954626"
    },
    {
      "submission_id": "14825518",
      "problem_id": "3980",
      "problem_title": "선발 명단",
      "result": "result-wa",
      "memory": "",
      "time": "",
      "language": "Java",
      "length": "1494",
      "date": "1566954163"
    },
    {
      "submission_id": "14821319",
      "problem_id": "2178",
      "problem_title": "미로 탐색",
      "result": "result-ac",
      "memory": "13696",
      "time": "92",
      "language": "Java",
      "length": "1918",
      "date": "1566916329"
    },
    {
      "submission_id": "14820610",
      "problem_id": "2178",
      "problem_title": "미로 탐색",
      "result": "result-tle",
      "memory": "",
      "time": "",
      "language": "Java",
      "length": "1243",
      "date": "1566914115"
    },
    {
      "submission_id": "14804112",
      "problem_id": "2529",
      "problem_title": "부등호",
      "result": "result-ac",
      "memory": "27200",
      "time": "532",
      "language": "Java",
      "length": "1399",
      "date": "1566861587"
    },
    {
      "submission_id": "14804026",
      "problem_id": "2529",
      "problem_title": "부등호",
      "result": "result-rte",
      "memory": "",
      "time": "",
      "language": "Java",
      "length": "1493",
      "date": "1566860392"
    },
    {
      "submission_id": "14799348",
      "problem_id": "2529",
      "problem_title": "부등호",
      "result": "result-rte",
      "memory": "",
      "time": "",
      "language": "Java",
      "length": "1414",
      "date": "1566826446"
    },
    {
      "submission_id": "14799191",
      "problem_id": "2529",
      "problem_title": "부등호",
      "result": "result-ce",
      "memory": "",
      "time": "",
      "language": "Java",
      "length": "1410",
      "date": "1566825991"
    },
    {
      "submission_id": "14799183",
      "problem_id": "2529",
      "problem_title": "부등호",
      "result": "result-rte",
      "memory": "",
      "time": "",
      "language": "Java",
      "length": "1387",
      "date": "1566825966"
    },
    {
      "submission_id": "14798570",
      "problem_id": "2529",
      "problem_title": "부등호",
      "result": "result-rte",
      "memory": "",
      "time": "",
      "language": "Java",
      "length": "1465",
      "date": "1566824129"
    },
    {
      "submission_id": "14798553",
      "problem_id": "2529",
      "problem_title": "부등호",
      "result": "result-rte",
      "memory": "",
      "time": "",
      "language": "Java",
      "length": "1465",
      "date": "1566824081"
    },
    {
      "submission_id": "14749358",
      "problem_id": "2628",
      "problem_title": "종이자르기",
      "result": "result-ac",
      "memory": "14416",
      "time": "108",
      "language": "Java",
      "length": "2436",
      "date": "1566559496"
    },
    {
      "submission_id": "14749317",
      "problem_id": "2628",
      "problem_title": "종이자르기",
      "result": "result-ce",
      "memory": "",
      "time": "",
      "language": "Java",
      "length": "2459",
      "date": "1566559329"
    },
    {
      "submission_id": "14729954",
      "problem_id": "2563",
      "problem_title": "색종이",
      "result": "result-ac",
      "memory": "13060",
      "time": "76",
      "language": "Java",
      "length": "964",
      "date": "1566472060"
    },
    {
      "submission_id": "14727646",
      "problem_id": "2564",
      "problem_title": "경비원",
      "result": "result-ac",
      "memory": "12996",
      "time": "80",
      "language": "Java",
      "length": "2682",
      "date": "1566463537"
    },
    {
      "submission_id": "14727625",
      "problem_id": "2564",
      "problem_title": "경비원",
      "result": "result-ce",
      "memory": "",
      "time": "",
      "language": "Java",
      "length": "2714",
      "date": "1566463503"
    },
    {
      "submission_id": "14720323",
      "problem_id": "2564",
      "problem_title": "경비원",
      "result": "result-wa",
      "memory": "",
      "time": "",
      "language": "Java",
      "length": "4680",
      "date": "1566443299"
    },
    {
      "submission_id": "14714223",
      "problem_id": "2564",
      "problem_title": "경비원",
      "result": "result-wa",
      "memory": "",
      "time": "",
      "language": "Java",
      "length": "4680",
      "date": "1566396786"
    },
    {
      "submission_id": "14697179",
      "problem_id": "2564",
      "problem_title": "경비원",
      "result": "result-wa",
      "memory": "",
      "time": "",
      "language": "Java",
      "length": "3366",
      "date": "1566338796"
    },
    {
      "submission_id": "14697178",
      "problem_id": "2564",
      "problem_title": "경비원",
      "result": "result-ce",
      "memory": "",
      "time": "",
      "language": "Java",
      "length": "3370",
      "date": "1566338774"
    },
    {
      "submission_id": "14676297",
      "problem_id": "14889",
      "problem_title": "스타트와 링크",
      "result": "result-ac",
      "memory": "19152",
      "time": "476",
      "language": "Java",
      "length": "1461",
      "date": "1566266881"
    },
    {
      "submission_id": "14659550",
      "problem_id": "4963",
      "problem_title": "섬의 개수",
      "result": "result-ac",
      "memory": "14620",
      "time": "120",
      "language": "Java",
      "length": "1338",
      "date": "1566196656"
    },
    {
      "submission_id": "14659321",
      "problem_id": "4963",
      "problem_title": "섬의 개수",
      "result": "result-wa",
      "memory": "",
      "time": "",
      "language": "Java",
      "length": "1348",
      "date": "1566196187"
    },
    {
      "submission_id": "14659310",
      "problem_id": "4963",
      "problem_title": "섬의 개수",
      "result": "result-ce",
      "memory": "",
      "time": "",
      "language": "Java",
      "length": "1352",
      "date": "1566196160"
    },
    {
      "submission_id": "14535355",
      "problem_id": "2606",
      "problem_title": "바이러스",
      "result": "result-ac",
      "memory": "13292",
      "time": "76",
      "language": "Java",
      "length": "1919",
      "date": "1565654591"
    },
    {
      "submission_id": "14535311",
      "problem_id": "14503",
      "problem_title": "로봇 청소기",
      "result": "result-ac",
      "memory": "13364",
      "time": "84",
      "language": "Java",
      "length": "3283",
      "date": "1565654226"
    },
    {
      "submission_id": "14535048",
      "problem_id": "14503",
      "problem_title": "로봇 청소기",
      "result": "result-wa",
      "memory": "",
      "time": "",
      "language": "Java",
      "length": "3284",
      "date": "1565650888"
    },
    {
      "submission_id": "14534989",
      "problem_id": "2606",
      "problem_title": "바이러스",
      "result": "result-wa",
      "memory": "",
      "time": "",
      "language": "Java",
      "length": "1679",
      "date": "1565649906"
    },
    {
      "submission_id": "14534979",
      "problem_id": "2606",
      "problem_title": "바이러스",
      "result": "result-ce",
      "memory": "",
      "time": "",
      "language": "Java",
      "length": "1699",
      "date": "1565649851"
    },
    {
      "submission_id": "14534975",
      "problem_id": "2606",
      "problem_title": "바이러스",
      "result": "result-ole",
      "memory": "",
      "time": "",
      "language": "Java",
      "length": "1815",
      "date": "1565649797"
    },
    {
      "submission_id": "14532546",
      "problem_id": "2606",
      "problem_title": "바이러스",
      "result": "result-wa",
      "memory": "",
      "time": "",
      "language": "Java",
      "length": "1776",
      "date": "1565624309"
    },
    {
      "submission_id": "14243749",
      "problem_id": "14500",
      "problem_title": "테트로미노",
      "result": "result-ac",
      "memory": "155696",
      "time": "1076",
      "language": "Java",
      "length": "4122",
      "date": "1564450452"
    },
    {
      "submission_id": "14224962",
      "problem_id": "14500",
      "problem_title": "테트로미노",
      "result": "result-wa",
      "memory": "",
      "time": "",
      "language": "Java",
      "length": "4126",
      "date": "1564397740"
    },
    {
      "submission_id": "14224893",
      "problem_id": "14500",
      "problem_title": "테트로미노",
      "result": "result-rte",
      "memory": "",
      "time": "",
      "language": "Java",
      "length": "4126",
      "date": "1564397611"
    },
    {
      "submission_id": "14224873",
      "problem_id": "14500",
      "problem_title": "테트로미노",
      "result": "result-rte",
      "memory": "",
      "time": "",
      "language": "Java",
      "length": "4126",
      "date": "1564397580"
    },
    {
      "submission_id": "14224859",
      "problem_id": "14500",
      "problem_title": "테트로미노",
      "result": "result-rte",
      "memory": "",
      "time": "",
      "language": "Java",
      "length": "4126",
      "date": "1564397544"
    },
    {
      "submission_id": "14224442",
      "problem_id": "14500",
      "problem_title": "테트로미노",
      "result": "result-wa",
      "memory": "",
      "time": "",
      "language": "Java",
      "length": "4114",
      "date": "1564396880"
    },
    {
      "submission_id": "14224408",
      "problem_id": "14500",
      "problem_title": "테트로미노",
      "result": "result-rte",
      "memory": "",
      "time": "",
      "language": "Java",
      "length": "4133",
      "date": "1564396838"
    }
  ]