[{"submission_id": "16971547", "problem_id": "4373", "problem_title": "\uc218\uc9d1\ud569", "result": "result-rte", "memory": "", "time": "", "language": "Java", "length": "3423", "date": "2020\ub144 1\uc6d4 14\uc77c 9\uc2dc 43\ubd84 28\ucd08"}, {"submission_id": "16971547", "problem_id": "4373", "problem_title": "\uc218\uc9d1\ud569", "result": "result-rte", "memory": "", "time": "", "language": "Java", "length": "3423", "date": "2020\ub144 1\uc6d4 14\uc77c 9\uc2dc 43\ubd84 28\ucd08"}, {"submission_id": "16971547", "problem_id": "4373", "problem_title": "\uc218\uc9d1\ud569", "result": "result-rte", "memory": "", "time": "", "language": "Java", "length": "3423", "date": "2020\ub144 1\uc6d4 14\uc77c 9\uc2dc 43\ubd84 28\ucd08"}, {"submission_id": "16971547", "problem_id": "4373", "problem_title": "\uc218\uc9d1\ud569", "result": "result-rte", "memory": "", "time": "", "language": "Java", "length": "3423", "date": "2020\ub144 1\uc6d4 14\uc77c 9\uc2dc 43\ubd84 28\ucd08"}, {"submission_id": "16971547", "problem_id": "4373", "problem_title": "\uc218\uc9d1\ud569", "result": "result-rte", "memory": "", "time": "", "language": "Java", "length": "3423", "date": "2020\ub144 1\uc6d4 14\uc77c 9\uc2dc 43\ubd84 28\ucd08"}, {"submission_id": "16971547", "problem_id": "4373", "problem_title": "\uc218\uc9d1\ud569", "result": "result-rte", "memory": "", "time": "", "language": "Java", "length": "3423", "date": "2020\ub144 1\uc6d4 14\uc77c 9\uc2dc 43\ubd84 28\ucd08"}, {"submission_id": "16971547", "problem_id": "4373", "problem_title": "\uc218\uc9d1\ud569", "result": "result-rte", "memory": "", "time": "", "language": "Java", "length": "3423", "date": "2020\ub144 1\uc6d4 14\uc77c 9\uc2dc 43\ubd84 28\ucd08"}, {"submission_id": "16971547", "problem_id": "4373", "problem_title": "\uc218\uc9d1\ud569", "result": "result-rte", "memory": "", "time": "", "language": "Java", "length": "3423", "date": "2020\ub144 1\uc6d4 14\uc77c 9\uc2dc 43\ubd84 28\ucd08"}, {"submission_id": "16971547", "problem_id": "4373", "problem_title": "\uc218\uc9d1\ud569", "result": "result-rte", "memory": "", "time": "", "language": "Java", "length": "3423", "date": "2020\ub144 1\uc6d4 14\uc77c 9\uc2dc 43\ubd84 28\ucd08"}, {"submission_id": "16971547", "problem_id": "4373", "problem_title": "\uc218\uc9d1\ud569", "result": "result-rte", "memory": "", "time": "", "language": "Java", "length": "3423", "date": "2020\ub144 1\uc6d4 14\uc77c 9\uc2dc 43\ubd84 28\ucd08"}, {"submission_id": "16971547", "problem_id": "4373", "problem_title": "\uc218\uc9d1\ud569", "result": "result-rte", "memory": "", "time": "", "language": "Java", "length": "3423", "date": "2020\ub144 1\uc6d4 14\uc77c 9\uc2dc 43\ubd84 28\ucd08"}, {"submission_id": "16971547", "problem_id": "4373", "problem_title": "\uc218\uc9d1\ud569", "result": "result-rte", "memory": "", "time": "", "language": "Java", "length": "3423", "date": "2020\ub144 1\uc6d4 14\uc77c 9\uc2dc 43\ubd84 28\ucd08"}, {"submission_id": "16971547", "problem_id": "4373", "problem_title": "\uc218\uc9d1\ud569", "result": "result-rte", "memory": "", "time": "", "language": "Java", "length": "3423", "date": "2020\ub144 1\uc6d4 14\uc77c 9\uc2dc 43\ubd84 28\ucd08"}, {"submission_id": "16971547", "problem_id": "4373", "problem_title": "\uc218\uc9d1\ud569", "result": "result-rte", "memory": "", "time": "", "language": "Java", "length": "3423", "date": "2020\ub144 1\uc6d4 14\uc77c 9\uc2dc 43\ubd84 28\ucd08"}, {"submission_id": "16971547", "problem_id": "4373", "problem_title": "\uc218\uc9d1\ud569", "result": "result-rte", "memory": "", "time": "", "language": "Java", "length": "3423", "date": "2020\ub144 1\uc6d4 14\uc77c 9\uc2dc 43\ubd84 28\ucd08"}, {"submission_id": "16971547", "problem_id": "4373", "problem_title": "\uc218\uc9d1\ud569", "result": "result-rte", "memory": "", "time": "", "language": "Java", "length": "3423", "date": "2020\ub144 1\uc6d4 14\uc77c 9\uc2dc 43\ubd84 28\ucd08"}, {"submission_id": "16971547", "problem_id": "4373", "problem_title": "\uc218\uc9d1\ud569", "result": "result-rte", "memory": "", "time": "", "language": "Java", "length": "3423", "date": "2020\ub144 1\uc6d4 14\uc77c 9\uc2dc 43\ubd84 28\ucd08"}, {"submission_id": "16971547", "problem_id": "4373", "problem_title": "\uc218\uc9d1\ud569", "result": "result-rte", "memory": "", "time": "", "language": "Java", "length": "3423", "date": "2020\ub144 1\uc6d4 14\uc77c 9\uc2dc 43\ubd84 28\ucd08"}, {"submission_id": "16971547", "problem_id": "4373", "problem_title": "\uc218\uc9d1\ud569", "result": "result-rte", "memory": "", "time": "", "language": "Java", "length": "3423", "date": "2020\ub144 1\uc6d4 14\uc77c 9\uc2dc 43\ubd84 28\ucd08"}, {"submission_id": "16971547", "problem_id": "4373", "problem_title": "\uc218\uc9d1\ud569", "result": "result-rte", "memory": "", "time": "", "language": "Java", "length": "3423", "date": "2020\ub144 1\uc6d4 14\uc77c 9\uc2dc 43\ubd84 28\ucd08"}, {"submission_id": "16406841", "problem_id": "1697", "problem_title": "\uc228\ubc14\uaf2d\uc9c8", "result": "result-wa", "memory": "", "time": "", "language": "Java", "length": "1100", "date": "2019\ub144 12\uc6d4 9\uc77c 15\uc2dc 36\ubd84 19\ucd08"}, {"submission_id": "16406841", "problem_id": "1697", "problem_title": "\uc228\ubc14\uaf2d\uc9c8", "result": "result-wa", "memory": "", "time": "", "language": "Java", "length": "1100", "date": "2019\ub144 12\uc6d4 9\uc77c 15\uc2dc 36\ubd84 19\ucd08"}, {"submission_id": "16406841", "problem_id": "1697", "problem_title": "\uc228\ubc14\uaf2d\uc9c8", "result": "result-wa", "memory": "", "time": "", "language": "Java", "length": "1100", "date": "2019\ub144 12\uc6d4 9\uc77c 15\uc2dc 36\ubd84 19\ucd08"}, {"submission_id": "16406841", "problem_id": "1697", "problem_title": "\uc228\ubc14\uaf2d\uc9c8", "result": "result-wa", "memory": "", "time": "", "language": "Java", "length": "1100", "date": "2019\ub144 12\uc6d4 9\uc77c 15\uc2dc 36\ubd84 19\ucd08"}, {"submission_id": "16406841", "problem_id": "1697", "problem_title": "\uc228\ubc14\uaf2d\uc9c8", "result": "result-wa", "memory": "", "time": "", "language": "Java", "length": "1100", "date": "2019\ub144 12\uc6d4 9\uc77c 15\uc2dc 36\ubd84 19\ucd08"}, {"submission_id": "16406841", "problem_id": "1697", "problem_title": "\uc228\ubc14\uaf2d\uc9c8", "result": "result-wa", "memory": "", "time": "", "language": "Java", "length": "1100", "date": "2019\ub144 12\uc6d4 9\uc77c 15\uc2dc 36\ubd84 19\ucd08"}, {"submission_id": "16406841", "problem_id": "1697", "problem_title": "\uc228\ubc14\uaf2d\uc9c8", "result": "result-wa", "memory": "", "time": "", "language": "Java", "length": "1100", "date": "2019\ub144 12\uc6d4 9\uc77c 15\uc2dc 36\ubd84 19\ucd08"}, {"submission_id": "16406841", "problem_id": "1697", "problem_title": "\uc228\ubc14\uaf2d\uc9c8", "result": "result-wa", "memory": "", "time": "", "language": "Java", "length": "1100", "date": "2019\ub144 12\uc6d4 9\uc77c 15\uc2dc 36\ubd84 19\ucd08"}, {"submission_id": "16406841", "problem_id": "1697", "problem_title": "\uc228\ubc14\uaf2d\uc9c8", "result": "result-wa", "memory": "", "time": "", "language": "Java", "length": "1100", "date": "2019\ub144 12\uc6d4 9\uc77c 15\uc2dc 36\ubd84 19\ucd08"}, {"submission_id": "16406841", "problem_id": "1697", "problem_title": "\uc228\ubc14\uaf2d\uc9c8", "result": "result-wa", "memory": "", "time": "", "language": "Java", "length": "1100", "date": "2019\ub144 12\uc6d4 9\uc77c 15\uc2dc 36\ubd84 19\ucd08"}, {"submission_id": "16406841", "problem_id": "1697", "problem_title": "\uc228\ubc14\uaf2d\uc9c8", "result": "result-wa", "memory": "", "time": "", "language": "Java", "length": "1100", "date": "2019\ub144 12\uc6d4 9\uc77c 15\uc2dc 36\ubd84 19\ucd08"}, {"submission_id": "16406841", "problem_id": "1697", "problem_title": "\uc228\ubc14\uaf2d\uc9c8", "result": "result-wa", "memory": "", "time": "", "language": "Java", "length": "1100", "date": "2019\ub144 12\uc6d4 9\uc77c 15\uc2dc 36\ubd84 19\ucd08"}, {"submission_id": "16406841", "problem_id": "1697", "problem_title": "\uc228\ubc14\uaf2d\uc9c8", "result": "result-wa", "memory": "", "time": "", "language": "Java", "length": "1100", "date": "2019\ub144 12\uc6d4 9\uc77c 15\uc2dc 36\ubd84 19\ucd08"}, {"submission_id": "16406841", "problem_id": "1697", "problem_title": "\uc228\ubc14\uaf2d\uc9c8", "result": "result-wa", "memory": "", "time": "", "language": "Java", "length": "1100", "date": "2019\ub144 12\uc6d4 9\uc77c 15\uc2dc 36\ubd84 19\ucd08"}, {"submission_id": "16406841", "problem_id": "1697", "problem_title": "\uc228\ubc14\uaf2d\uc9c8", "result": "result-wa", "memory": "", "time": "", "language": "Java", "length": "1100", "date": "2019\ub144 12\uc6d4 9\uc77c 15\uc2dc 36\ubd84 19\ucd08"}, {"submission_id": "16406841", "problem_id": "1697", "problem_title": "\uc228\ubc14\uaf2d\uc9c8", "result": "result-wa", "memory": "", "time": "", "language": "Java", "length": "1100", "date": "2019\ub144 12\uc6d4 9\uc77c 15\uc2dc 36\ubd84 19\ucd08"}, {"submission_id": "16406841", "problem_id": "1697", "problem_title": "\uc228\ubc14\uaf2d\uc9c8", "result": "result-wa", "memory": "", "time": "", "language": "Java", "length": "1100", "date": "2019\ub144 12\uc6d4 9\uc77c 15\uc2dc 36\ubd84 19\ucd08"}, {"submission_id": "16406841", "problem_id": "1697", "problem_title": "\uc228\ubc14\uaf2d\uc9c8", "result": "result-wa", "memory": "", "time": "", "language": "Java", "length": "1100", "date": "2019\ub144 12\uc6d4 9\uc77c 15\uc2dc 36\ubd84 19\ucd08"}, {"submission_id": "16406841", "problem_id": "1697", "problem_title": "\uc228\ubc14\uaf2d\uc9c8", "result": "result-wa", "memory": "", "time": "", "language": "Java", "length": "1100", "date": "2019\ub144 12\uc6d4 9\uc77c 15\uc2dc 36\ubd84 19\ucd08"}, {"submission_id": "16406841", "problem_id": "1697", "problem_title": "\uc228\ubc14\uaf2d\uc9c8", "result": "result-wa", "memory": "", "time": "", "language": "Java", "length": "1100", "date": "2019\ub144 12\uc6d4 9\uc77c 15\uc2dc 36\ubd84 19\ucd08"}, {"submission_id": "16203024", "problem_id": "11728", "problem_title": "\ubc30\uc5f4 \ud569\uce58\uae30", "result": "result-ac", "memory": "308580", "time": "1408", "language": "Java", "length": "1294", "date": "2019\ub144 11\uc6d4 21\uc77c 15\uc2dc 56\ubd84 43\ucd08"}, {"submission_id": "16203024", "problem_id": "11728", "problem_title": "\ubc30\uc5f4 \ud569\uce58\uae30", "result": "result-ac", "memory": "308580", "time": "1408", "language": "Java", "length": "1294", "date": "2019\ub144 11\uc6d4 21\uc77c 15\uc2dc 56\ubd84 43\ucd08"}, {"submission_id": "16203024", "problem_id": "11728", "problem_title": "\ubc30\uc5f4 \ud569\uce58\uae30", "result": "result-ac", "memory": "308580", "time": "1408", "language": "Java", "length": "1294", "date": "2019\ub144 11\uc6d4 21\uc77c 15\uc2dc 56\ubd84 43\ucd08"}, {"submission_id": "16203024", "problem_id": "11728", "problem_title": "\ubc30\uc5f4 \ud569\uce58\uae30", "result": "result-ac", "memory": "308580", "time": "1408", "language": "Java", "length": "1294", "date": "2019\ub144 11\uc6d4 21\uc77c 15\uc2dc 56\ubd84 43\ucd08"}, {"submission_id": "16203024", "problem_id": "11728", "problem_title": "\ubc30\uc5f4 \ud569\uce58\uae30", "result": "result-ac", "memory": "308580", "time": "1408", "language": "Java", "length": "1294", "date": "2019\ub144 11\uc6d4 21\uc77c 15\uc2dc 56\ubd84 43\ucd08"}, {"submission_id": "16203024", "problem_id": "11728", "problem_title": "\ubc30\uc5f4 \ud569\uce58\uae30", "result": "result-ac", "memory": "308580", "time": "1408", "language": "Java", "length": "1294", "date": "2019\ub144 11\uc6d4 21\uc77c 15\uc2dc 56\ubd84 43\ucd08"}, {"submission_id": "16203024", "problem_id": "11728", "problem_title": "\ubc30\uc5f4 \ud569\uce58\uae30", "result": "result-ac", "memory": "308580", "time": "1408", "language": "Java", "length": "1294", "date": "2019\ub144 11\uc6d4 21\uc77c 15\uc2dc 56\ubd84 43\ucd08"}, {"submission_id": "16203024", "problem_id": "11728", "problem_title": "\ubc30\uc5f4 \ud569\uce58\uae30", "result": "result-ac", "memory": "308580", "time": "1408", "language": "Java", "length": "1294", "date": "2019\ub144 11\uc6d4 21\uc77c 15\uc2dc 56\ubd84 43\ucd08"}, {"submission_id": "16203024", "problem_id": "11728", "problem_title": "\ubc30\uc5f4 \ud569\uce58\uae30", "result": "result-ac", "memory": "308580", "time": "1408", "language": "Java", "length": "1294", "date": "2019\ub144 11\uc6d4 21\uc77c 15\uc2dc 56\ubd84 43\ucd08"}, {"submission_id": "16203024", "problem_id": "11728", "problem_title": "\ubc30\uc5f4 \ud569\uce58\uae30", "result": "result-ac", "memory": "308580", "time": "1408", "language": "Java", "length": "1294", "date": "2019\ub144 11\uc6d4 21\uc77c 15\uc2dc 56\ubd84 43\ucd08"}, {"submission_id": "16203024", "problem_id": "11728", "problem_title": "\ubc30\uc5f4 \ud569\uce58\uae30", "result": "result-ac", "memory": "308580", "time": "1408", "language": "Java", "length": "1294", "date": "2019\ub144 11\uc6d4 21\uc77c 15\uc2dc 56\ubd84 43\ucd08"}, {"submission_id": "16203024", "problem_id": "11728", "problem_title": "\ubc30\uc5f4 \ud569\uce58\uae30", "result": "result-ac", "memory": "308580", "time": "1408", "language": "Java", "length": "1294", "date": "2019\ub144 11\uc6d4 21\uc77c 15\uc2dc 56\ubd84 43\ucd08"}, {"submission_id": "16203024", "problem_id": "11728", "problem_title": "\ubc30\uc5f4 \ud569\uce58\uae30", "result": "result-ac", "memory": "308580", "time": "1408", "language": "Java", "length": "1294", "date": "2019\ub144 11\uc6d4 21\uc77c 15\uc2dc 56\ubd84 43\ucd08"}, {"submission_id": "16203024", "problem_id": "11728", "problem_title": "\ubc30\uc5f4 \ud569\uce58\uae30", "result": "result-ac", "memory": "308580", "time": "1408", "language": "Java", "length": "1294", "date": "2019\ub144 11\uc6d4 21\uc77c 15\uc2dc 56\ubd84 43\ucd08"}, {"submission_id": "16203024", "problem_id": "11728", "problem_title": "\ubc30\uc5f4 \ud569\uce58\uae30", "result": "result-ac", "memory": "308580", "time": "1408", "language": "Java", "length": "1294", "date": "2019\ub144 11\uc6d4 21\uc77c 15\uc2dc 56\ubd84 43\ucd08"}, {"submission_id": "16203024", "problem_id": "11728", "problem_title": "\ubc30\uc5f4 \ud569\uce58\uae30", "result": "result-ac", "memory": "308580", "time": "1408", "language": "Java", "length": "1294", "date": "2019\ub144 11\uc6d4 21\uc77c 15\uc2dc 56\ubd84 43\ucd08"}, {"submission_id": "16203024", "problem_id": "11728", "problem_title": "\ubc30\uc5f4 \ud569\uce58\uae30", "result": "result-ac", "memory": "308580", "time": "1408", "language": "Java", "length": "1294", "date": "2019\ub144 11\uc6d4 21\uc77c 15\uc2dc 56\ubd84 43\ucd08"}, {"submission_id": "16203024", "problem_id": "11728", "problem_title": "\ubc30\uc5f4 \ud569\uce58\uae30", "result": "result-ac", "memory": "308580", "time": "1408", "language": "Java", "length": "1294", "date": "2019\ub144 11\uc6d4 21\uc77c 15\uc2dc 56\ubd84 43\ucd08"}, {"submission_id": "16203024", "problem_id": "11728", "problem_title": "\ubc30\uc5f4 \ud569\uce58\uae30", "result": "result-ac", "memory": "308580", "time": "1408", "language": "Java", "length": "1294", "date": "2019\ub144 11\uc6d4 21\uc77c 15\uc2dc 56\ubd84 43\ucd08"}, {"submission_id": "16203024", "problem_id": "11728", "problem_title": "\ubc30\uc5f4 \ud569\uce58\uae30", "result": "result-ac", "memory": "308580", "time": "1408", "language": "Java", "length": "1294", "date": "2019\ub144 11\uc6d4 21\uc77c 15\uc2dc 56\ubd84 43\ucd08"}, {"submission_id": "15961191", "problem_id": "2615", "problem_title": "\uc624\ubaa9", "result": "result-ac", "memory": "13028", "time": "80", "language": "Java", "length": "1930", "date": "2019\ub144 11\uc6d4 4\uc77c 17\uc2dc 32\ubd84 55\ucd08"}, {"submission_id": "15961191", "problem_id": "2615", "problem_title": "\uc624\ubaa9", "result": "result-ac", "memory": "13028", "time": "80", "language": "Java", "length": "1930", "date": "2019\ub144 11\uc6d4 4\uc77c 17\uc2dc 32\ubd84 55\ucd08"}, {"submission_id": "15961191", "problem_id": "2615", "problem_title": "\uc624\ubaa9", "result": "result-ac", "memory": "13028", "time": "80", "language": "Java", "length": "1930", "date": "2019\ub144 11\uc6d4 4\uc77c 17\uc2dc 32\ubd84 55\ucd08"}, {"submission_id": "15961191", "problem_id": "2615", "problem_title": "\uc624\ubaa9", "result": "result-ac", "memory": "13028", "time": "80", "language": "Java", "length": "1930", "date": "2019\ub144 11\uc6d4 4\uc77c 17\uc2dc 32\ubd84 55\ucd08"}, {"submission_id": "15961191", "problem_id": "2615", "problem_title": "\uc624\ubaa9", "result": "result-ac", "memory": "13028", "time": "80", "language": "Java", "length": "1930", "date": "2019\ub144 11\uc6d4 4\uc77c 17\uc2dc 32\ubd84 55\ucd08"}, {"submission_id": "15961191", "problem_id": "2615", "problem_title": "\uc624\ubaa9", "result": "result-ac", "memory": "13028", "time": "80", "language": "Java", "length": "1930", "date": "2019\ub144 11\uc6d4 4\uc77c 17\uc2dc 32\ubd84 55\ucd08"}, {"submission_id": "15961191", "problem_id": "2615", "problem_title": "\uc624\ubaa9", "result": "result-ac", "memory": "13028", "time": "80", "language": "Java", "length": "1930", "date": "2019\ub144 11\uc6d4 4\uc77c 17\uc2dc 32\ubd84 55\ucd08"}, {"submission_id": "15961191", "problem_id": "2615", "problem_title": "\uc624\ubaa9", "result": "result-ac", "memory": "13028", "time": "80", "language": "Java", "length": "1930", "date": "2019\ub144 11\uc6d4 4\uc77c 17\uc2dc 32\ubd84 55\ucd08"}, {"submission_id": "15961191", "problem_id": "2615", "problem_title": "\uc624\ubaa9", "result": "result-ac", "memory": "13028", "time": "80", "language": "Java", "length": "1930", "date": "2019\ub144 11\uc6d4 4\uc77c 17\uc2dc 32\ubd84 55\ucd08"}, {"submission_id": "15961191", "problem_id": "2615", "problem_title": "\uc624\ubaa9", "result": "result-ac", "memory": "13028", "time": "80", "language": "Java", "length": "1930", "date": "2019\ub144 11\uc6d4 4\uc77c 17\uc2dc 32\ubd84 55\ucd08"}, {"submission_id": "15961191", "problem_id": "2615", "problem_title": "\uc624\ubaa9", "result": "result-ac", "memory": "13028", "time": "80", "language": "Java", "length": "1930", "date": "2019\ub144 11\uc6d4 4\uc77c 17\uc2dc 32\ubd84 55\ucd08"}, {"submission_id": "15961191", "problem_id": "2615", "problem_title": "\uc624\ubaa9", "result": "result-ac", "memory": "13028", "time": "80", "language": "Java", "length": "1930", "date": "2019\ub144 11\uc6d4 4\uc77c 17\uc2dc 32\ubd84 55\ucd08"}, {"submission_id": "15961191", "problem_id": "2615", "problem_title": "\uc624\ubaa9", "result": "result-ac", "memory": "13028", "time": "80", "language": "Java", "length": "1930", "date": "2019\ub144 11\uc6d4 4\uc77c 17\uc2dc 32\ubd84 55\ucd08"}, {"submission_id": "15961191", "problem_id": "2615", "problem_title": "\uc624\ubaa9", "result": "result-ac", "memory": "13028", "time": "80", "language": "Java", "length": "1930", "date": "2019\ub144 11\uc6d4 4\uc77c 17\uc2dc 32\ubd84 55\ucd08"}, {"submission_id": "15961191", "problem_id": "2615", "problem_title": "\uc624\ubaa9", "result": "result-ac", "memory": "13028", "time": "80", "language": "Java", "length": "1930", "date": "2019\ub144 11\uc6d4 4\uc77c 17\uc2dc 32\ubd84 55\ucd08"}, {"submission_id": "15961191", "problem_id": "2615", "problem_title": "\uc624\ubaa9", "result": "result-ac", "memory": "13028", "time": "80", "language": "Java", "length": "1930", "date": "2019\ub144 11\uc6d4 4\uc77c 17\uc2dc 32\ubd84 55\ucd08"}, {"submission_id": "15961191", "problem_id": "2615", "problem_title": "\uc624\ubaa9", "result": "result-ac", "memory": "13028", "time": "80", "language": "Java", "length": "1930", "date": "2019\ub144 11\uc6d4 4\uc77c 17\uc2dc 32\ubd84 55\ucd08"}, {"submission_id": "15961191", "problem_id": "2615", "problem_title": "\uc624\ubaa9", "result": "result-ac", "memory": "13028", "time": "80", "language": "Java", "length": "1930", "date": "2019\ub144 11\uc6d4 4\uc77c 17\uc2dc 32\ubd84 55\ucd08"}, {"submission_id": "15961191", "problem_id": "2615", "problem_title": "\uc624\ubaa9", "result": "result-ac", "memory": "13028", "time": "80", "language": "Java", "length": "1930", "date": "2019\ub144 11\uc6d4 4\uc77c 17\uc2dc 32\ubd84 55\ucd08"}, {"submission_id": "15961191", "problem_id": "2615", "problem_title": "\uc624\ubaa9", "result": "result-ac", "memory": "13028", "time": "80", "language": "Java", "length": "1930", "date": "2019\ub144 11\uc6d4 4\uc77c 17\uc2dc 32\ubd84 55\ucd08"}, {"submission_id": "15766910", "problem_id": "17069", "problem_title": "\ud30c\uc774\ud504 \uc62e\uae30\uae30 2", "result": "result-wa", "memory": "", "time": "", "language": "Java", "length": "1483", "date": "2019\ub144 10\uc6d4 19\uc77c 22\uc2dc 52\ubd84 22\ucd08"}, {"submission_id": "15766910", "problem_id": "17069", "problem_title": "\ud30c\uc774\ud504 \uc62e\uae30\uae30 2", "result": "result-wa", "memory": "", "time": "", "language": "Java", "length": "1483", "date": "2019\ub144 10\uc6d4 19\uc77c 22\uc2dc 52\ubd84 22\ucd08"}, {"submission_id": "15766910", "problem_id": "17069", "problem_title": "\ud30c\uc774\ud504 \uc62e\uae30\uae30 2", "result": "result-wa", "memory": "", "time": "", "language": "Java", "length": "1483", "date": "2019\ub144 10\uc6d4 19\uc77c 22\uc2dc 52\ubd84 22\ucd08"}, {"submission_id": "15766910", "problem_id": "17069", "problem_title": "\ud30c\uc774\ud504 \uc62e\uae30\uae30 2", "result": "result-wa", "memory": "", "time": "", "language": "Java", "length": "1483", "date": "2019\ub144 10\uc6d4 19\uc77c 22\uc2dc 52\ubd84 22\ucd08"}, {"submission_id": "15766910", "problem_id": "17069", "problem_title": "\ud30c\uc774\ud504 \uc62e\uae30\uae30 2", "result": "result-wa", "memory": "", "time": "", "language": "Java", "length": "1483", "date": "2019\ub144 10\uc6d4 19\uc77c 22\uc2dc 52\ubd84 22\ucd08"}, {"submission_id": "15766910", "problem_id": "17069", "problem_title": "\ud30c\uc774\ud504 \uc62e\uae30\uae30 2", "result": "result-wa", "memory": "", "time": "", "language": "Java", "length": "1483", "date": "2019\ub144 10\uc6d4 19\uc77c 22\uc2dc 52\ubd84 22\ucd08"}, {"submission_id": "15766910", "problem_id": "17069", "problem_title": "\ud30c\uc774\ud504 \uc62e\uae30\uae30 2", "result": "result-wa", "memory": "", "time": "", "language": "Java", "length": "1483", "date": "2019\ub144 10\uc6d4 19\uc77c 22\uc2dc 52\ubd84 22\ucd08"}, {"submission_id": "15766910", "problem_id": "17069", "problem_title": "\ud30c\uc774\ud504 \uc62e\uae30\uae30 2", "result": "result-wa", "memory": "", "time": "", "language": "Java", "length": "1483", "date": "2019\ub144 10\uc6d4 19\uc77c 22\uc2dc 52\ubd84 22\ucd08"}, {"submission_id": "15766910", "problem_id": "17069", "problem_title": "\ud30c\uc774\ud504 \uc62e\uae30\uae30 2", "result": "result-wa", "memory": "", "time": "", "language": "Java", "length": "1483", "date": "2019\ub144 10\uc6d4 19\uc77c 22\uc2dc 52\ubd84 22\ucd08"}, {"submission_id": "15766910", "problem_id": "17069", "problem_title": "\ud30c\uc774\ud504 \uc62e\uae30\uae30 2", "result": "result-wa", "memory": "", "time": "", "language": "Java", "length": "1483", "date": "2019\ub144 10\uc6d4 19\uc77c 22\uc2dc 52\ubd84 22\ucd08"}, {"submission_id": "15766910", "problem_id": "17069", "problem_title": "\ud30c\uc774\ud504 \uc62e\uae30\uae30 2", "result": "result-wa", "memory": "", "time": "", "language": "Java", "length": "1483", "date": "2019\ub144 10\uc6d4 19\uc77c 22\uc2dc 52\ubd84 22\ucd08"}, {"submission_id": "15766910", "problem_id": "17069", "problem_title": "\ud30c\uc774\ud504 \uc62e\uae30\uae30 2", "result": "result-wa", "memory": "", "time": "", "language": "Java", "length": "1483", "date": "2019\ub144 10\uc6d4 19\uc77c 22\uc2dc 52\ubd84 22\ucd08"}, {"submission_id": "15766910", "problem_id": "17069", "problem_title": "\ud30c\uc774\ud504 \uc62e\uae30\uae30 2", "result": "result-wa", "memory": "", "time": "", "language": "Java", "length": "1483", "date": "2019\ub144 10\uc6d4 19\uc77c 22\uc2dc 52\ubd84 22\ucd08"}, {"submission_id": "15766910", "problem_id": "17069", "problem_title": "\ud30c\uc774\ud504 \uc62e\uae30\uae30 2", "result": "result-wa", "memory": "", "time": "", "language": "Java", "length": "1483", "date": "2019\ub144 10\uc6d4 19\uc77c 22\uc2dc 52\ubd84 22\ucd08"}, {"submission_id": "15766910", "problem_id": "17069", "problem_title": "\ud30c\uc774\ud504 \uc62e\uae30\uae30 2", "result": "result-wa", "memory": "", "time": "", "language": "Java", "length": "1483", "date": "2019\ub144 10\uc6d4 19\uc77c 22\uc2dc 52\ubd84 22\ucd08"}, {"submission_id": "15766910", "problem_id": "17069", "problem_title": "\ud30c\uc774\ud504 \uc62e\uae30\uae30 2", "result": "result-wa", "memory": "", "time": "", "language": "Java", "length": "1483", "date": "2019\ub144 10\uc6d4 19\uc77c 22\uc2dc 52\ubd84 22\ucd08"}, {"submission_id": "15766910", "problem_id": "17069", "problem_title": "\ud30c\uc774\ud504 \uc62e\uae30\uae30 2", "result": "result-wa", "memory": "", "time": "", "language": "Java", "length": "1483", "date": "2019\ub144 10\uc6d4 19\uc77c 22\uc2dc 52\ubd84 22\ucd08"}, {"submission_id": "15766910", "problem_id": "17069", "problem_title": "\ud30c\uc774\ud504 \uc62e\uae30\uae30 2", "result": "result-wa", "memory": "", "time": "", "language": "Java", "length": "1483", "date": "2019\ub144 10\uc6d4 19\uc77c 22\uc2dc 52\ubd84 22\ucd08"}, {"submission_id": "15766910", "problem_id": "17069", "problem_title": "\ud30c\uc774\ud504 \uc62e\uae30\uae30 2", "result": "result-wa", "memory": "", "time": "", "language": "Java", "length": "1483", "date": "2019\ub144 10\uc6d4 19\uc77c 22\uc2dc 52\ubd84 22\ucd08"}, {"submission_id": "15766910", "problem_id": "17069", "problem_title": "\ud30c\uc774\ud504 \uc62e\uae30\uae30 2", "result": "result-wa", "memory": "", "time": "", "language": "Java", "length": "1483", "date": "2019\ub144 10\uc6d4 19\uc77c 22\uc2dc 52\ubd84 22\ucd08"}, {"submission_id": "15559788", "problem_id": "1157", "problem_title": "\ub2e8\uc5b4 \uacf5\ubd80", "result": "result-ce", "memory": "", "time": "", "language": "Java", "length": "807", "date": "2019\ub144 10\uc6d4 8\uc77c 14\uc2dc 30\ubd84 47\ucd08"}, {"submission_id": "15559788", "problem_id": "1157", "problem_title": "\ub2e8\uc5b4 \uacf5\ubd80", "result": "result-ce", "memory": "", "time": "", "language": "Java", "length": "807", "date": "2019\ub144 10\uc6d4 8\uc77c 14\uc2dc 30\ubd84 47\ucd08"}, {"submission_id": "15559788", "problem_id": "1157", "problem_title": "\ub2e8\uc5b4 \uacf5\ubd80", "result": "result-ce", "memory": "", "time": "", "language": "Java", "length": "807", "date": "2019\ub144 10\uc6d4 8\uc77c 14\uc2dc 30\ubd84 47\ucd08"}, {"submission_id": "15559788", "problem_id": "1157", "problem_title": "\ub2e8\uc5b4 \uacf5\ubd80", "result": "result-ce", "memory": "", "time": "", "language": "Java", "length": "807", "date": "2019\ub144 10\uc6d4 8\uc77c 14\uc2dc 30\ubd84 47\ucd08"}, {"submission_id": "15559788", "problem_id": "1157", "problem_title": "\ub2e8\uc5b4 \uacf5\ubd80", "result": "result-ce", "memory": "", "time": "", "language": "Java", "length": "807", "date": "2019\ub144 10\uc6d4 8\uc77c 14\uc2dc 30\ubd84 47\ucd08"}, {"submission_id": "15559788", "problem_id": "1157", "problem_title": "\ub2e8\uc5b4 \uacf5\ubd80", "result": "result-ce", "memory": "", "time": "", "language": "Java", "length": "807", "date": "2019\ub144 10\uc6d4 8\uc77c 14\uc2dc 30\ubd84 47\ucd08"}, {"submission_id": "15559788", "problem_id": "1157", "problem_title": "\ub2e8\uc5b4 \uacf5\ubd80", "result": "result-ce", "memory": "", "time": "", "language": "Java", "length": "807", "date": "2019\ub144 10\uc6d4 8\uc77c 14\uc2dc 30\ubd84 47\ucd08"}, {"submission_id": "15559788", "problem_id": "1157", "problem_title": "\ub2e8\uc5b4 \uacf5\ubd80", "result": "result-ce", "memory": "", "time": "", "language": "Java", "length": "807", "date": "2019\ub144 10\uc6d4 8\uc77c 14\uc2dc 30\ubd84 47\ucd08"}, {"submission_id": "15559788", "problem_id": "1157", "problem_title": "\ub2e8\uc5b4 \uacf5\ubd80", "result": "result-ce", "memory": "", "time": "", "language": "Java", "length": "807", "date": "2019\ub144 10\uc6d4 8\uc77c 14\uc2dc 30\ubd84 47\ucd08"}, {"submission_id": "15559788", "problem_id": "1157", "problem_title": "\ub2e8\uc5b4 \uacf5\ubd80", "result": "result-ce", "memory": "", "time": "", "language": "Java", "length": "807", "date": "2019\ub144 10\uc6d4 8\uc77c 14\uc2dc 30\ubd84 47\ucd08"}, {"submission_id": "15559788", "problem_id": "1157", "problem_title": "\ub2e8\uc5b4 \uacf5\ubd80", "result": "result-ce", "memory": "", "time": "", "language": "Java", "length": "807", "date": "2019\ub144 10\uc6d4 8\uc77c 14\uc2dc 30\ubd84 47\ucd08"}, {"submission_id": "15559788", "problem_id": "1157", "problem_title": "\ub2e8\uc5b4 \uacf5\ubd80", "result": "result-ce", "memory": "", "time": "", "language": "Java", "length": "807", "date": "2019\ub144 10\uc6d4 8\uc77c 14\uc2dc 30\ubd84 47\ucd08"}, {"submission_id": "15559788", "problem_id": "1157", "problem_title": "\ub2e8\uc5b4 \uacf5\ubd80", "result": "result-ce", "memory": "", "time": "", "language": "Java", "length": "807", "date": "2019\ub144 10\uc6d4 8\uc77c 14\uc2dc 30\ubd84 47\ucd08"}, {"submission_id": "15559788", "problem_id": "1157", "problem_title": "\ub2e8\uc5b4 \uacf5\ubd80", "result": "result-ce", "memory": "", "time": "", "language": "Java", "length": "807", "date": "2019\ub144 10\uc6d4 8\uc77c 14\uc2dc 30\ubd84 47\ucd08"}, {"submission_id": "15559788", "problem_id": "1157", "problem_title": "\ub2e8\uc5b4 \uacf5\ubd80", "result": "result-ce", "memory": "", "time": "", "language": "Java", "length": "807", "date": "2019\ub144 10\uc6d4 8\uc77c 14\uc2dc 30\ubd84 47\ucd08"}, {"submission_id": "15559788", "problem_id": "1157", "problem_title": "\ub2e8\uc5b4 \uacf5\ubd80", "result": "result-ce", "memory": "", "time": "", "language": "Java", "length": "807", "date": "2019\ub144 10\uc6d4 8\uc77c 14\uc2dc 30\ubd84 47\ucd08"}, {"submission_id": "15559788", "problem_id": "1157", "problem_title": "\ub2e8\uc5b4 \uacf5\ubd80", "result": "result-ce", "memory": "", "time": "", "language": "Java", "length": "807", "date": "2019\ub144 10\uc6d4 8\uc77c 14\uc2dc 30\ubd84 47\ucd08"}, {"submission_id": "15559788", "problem_id": "1157", "problem_title": "\ub2e8\uc5b4 \uacf5\ubd80", "result": "result-ce", "memory": "", "time": "", "language": "Java", "length": "807", "date": "2019\ub144 10\uc6d4 8\uc77c 14\uc2dc 30\ubd84 47\ucd08"}, {"submission_id": "15559788", "problem_id": "1157", "problem_title": "\ub2e8\uc5b4 \uacf5\ubd80", "result": "result-ce", "memory": "", "time": "", "language": "Java", "length": "807", "date": "2019\ub144 10\uc6d4 8\uc77c 14\uc2dc 30\ubd84 47\ucd08"}, {"submission_id": "15559788", "problem_id": "1157", "problem_title": "\ub2e8\uc5b4 \uacf5\ubd80", "result": "result-ce", "memory": "", "time": "", "language": "Java", "length": "807", "date": "2019\ub144 10\uc6d4 8\uc77c 14\uc2dc 30\ubd84 47\ucd08"}, {"submission_id": "15306086", "problem_id": "1074", "problem_title": "Z", "result": "result-wa", "memory": "", "time": "", "language": "Java", "length": "1119", "date": "2019\ub144 9\uc6d4 24\uc77c 19\uc2dc 47\ubd84 31\ucd08"}, {"submission_id": "15306086", "problem_id": "1074", "problem_title": "Z", "result": "result-wa", "memory": "", "time": "", "language": "Java", "length": "1119", "date": "2019\ub144 9\uc6d4 24\uc77c 19\uc2dc 47\ubd84 31\ucd08"}, {"submission_id": "15306086", "problem_id": "1074", "problem_title": "Z", "result": "result-wa", "memory": "", "time": "", "language": "Java", "length": "1119", "date": "2019\ub144 9\uc6d4 24\uc77c 19\uc2dc 47\ubd84 31\ucd08"}, {"submission_id": "15306086", "problem_id": "1074", "problem_title": "Z", "result": "result-wa", "memory": "", "time": "", "language": "Java", "length": "1119", "date": "2019\ub144 9\uc6d4 24\uc77c 19\uc2dc 47\ubd84 31\ucd08"}, {"submission_id": "15306086", "problem_id": "1074", "problem_title": "Z", "result": "result-wa", "memory": "", "time": "", "language": "Java", "length": "1119", "date": "2019\ub144 9\uc6d4 24\uc77c 19\uc2dc 47\ubd84 31\ucd08"}, {"submission_id": "15306086", "problem_id": "1074", "problem_title": "Z", "result": "result-wa", "memory": "", "time": "", "language": "Java", "length": "1119", "date": "2019\ub144 9\uc6d4 24\uc77c 19\uc2dc 47\ubd84 31\ucd08"}, {"submission_id": "15306086", "problem_id": "1074", "problem_title": "Z", "result": "result-wa", "memory": "", "time": "", "language": "Java", "length": "1119", "date": "2019\ub144 9\uc6d4 24\uc77c 19\uc2dc 47\ubd84 31\ucd08"}, {"submission_id": "15306086", "problem_id": "1074", "problem_title": "Z", "result": "result-wa", "memory": "", "time": "", "language": "Java", "length": "1119", "date": "2019\ub144 9\uc6d4 24\uc77c 19\uc2dc 47\ubd84 31\ucd08"}, {"submission_id": "15306086", "problem_id": "1074", "problem_title": "Z", "result": "result-wa", "memory": "", "time": "", "language": "Java", "length": "1119", "date": "2019\ub144 9\uc6d4 24\uc77c 19\uc2dc 47\ubd84 31\ucd08"}, {"submission_id": "15306086", "problem_id": "1074", "problem_title": "Z", "result": "result-wa", "memory": "", "time": "", "language": "Java", "length": "1119", "date": "2019\ub144 9\uc6d4 24\uc77c 19\uc2dc 47\ubd84 31\ucd08"}, {"submission_id": "15306086", "problem_id": "1074", "problem_title": "Z", "result": "result-wa", "memory": "", "time": "", "language": "Java", "length": "1119", "date": "2019\ub144 9\uc6d4 24\uc77c 19\uc2dc 47\ubd84 31\ucd08"}, {"submission_id": "15306086", "problem_id": "1074", "problem_title": "Z", "result": "result-wa", "memory": "", "time": "", "language": "Java", "length": "1119", "date": "2019\ub144 9\uc6d4 24\uc77c 19\uc2dc 47\ubd84 31\ucd08"}, {"submission_id": "15306086", "problem_id": "1074", "problem_title": "Z", "result": "result-wa", "memory": "", "time": "", "language": "Java", "length": "1119", "date": "2019\ub144 9\uc6d4 24\uc77c 19\uc2dc 47\ubd84 31\ucd08"}, {"submission_id": "15306086", "problem_id": "1074", "problem_title": "Z", "result": "result-wa", "memory": "", "time": "", "language": "Java", "length": "1119", "date": "2019\ub144 9\uc6d4 24\uc77c 19\uc2dc 47\ubd84 31\ucd08"}, {"submission_id": "15306086", "problem_id": "1074", "problem_title": "Z", "result": "result-wa", "memory": "", "time": "", "language": "Java", "length": "1119", "date": "2019\ub144 9\uc6d4 24\uc77c 19\uc2dc 47\ubd84 31\ucd08"}, {"submission_id": "15306086", "problem_id": "1074", "problem_title": "Z", "result": "result-wa", "memory": "", "time": "", "language": "Java", "length": "1119", "date": "2019\ub144 9\uc6d4 24\uc77c 19\uc2dc 47\ubd84 31\ucd08"}, {"submission_id": "15306086", "problem_id": "1074", "problem_title": "Z", "result": "result-wa", "memory": "", "time": "", "language": "Java", "length": "1119", "date": "2019\ub144 9\uc6d4 24\uc77c 19\uc2dc 47\ubd84 31\ucd08"}, {"submission_id": "15306086", "problem_id": "1074", "problem_title": "Z", "result": "result-wa", "memory": "", "time": "", "language": "Java", "length": "1119", "date": "2019\ub144 9\uc6d4 24\uc77c 19\uc2dc 47\ubd84 31\ucd08"}, {"submission_id": "15306086", "problem_id": "1074", "problem_title": "Z", "result": "result-wa", "memory": "", "time": "", "language": "Java", "length": "1119", "date": "2019\ub144 9\uc6d4 24\uc77c 19\uc2dc 47\ubd84 31\ucd08"}, {"submission_id": "15306086", "problem_id": "1074", "problem_title": "Z", "result": "result-wa", "memory": "", "time": "", "language": "Java", "length": "1119", "date": "2019\ub144 9\uc6d4 24\uc77c 19\uc2dc 47\ubd84 31\ucd08"}, {"submission_id": "14937767", "problem_id": "15663", "problem_title": "N\uacfc M (9)", "result": "result-wa", "memory": "", "time": "", "language": "Java", "length": "1411", "date": "2019\ub144 9\uc6d4 3\uc77c 15\uc2dc 38\ubd84 45\ucd08"}, {"submission_id": "14937767", "problem_id": "15663", "problem_title": "N\uacfc M (9)", "result": "result-wa", "memory": "", "time": "", "language": "Java", "length": "1411", "date": "2019\ub144 9\uc6d4 3\uc77c 15\uc2dc 38\ubd84 45\ucd08"}, {"submission_id": "14937767", "problem_id": "15663", "problem_title": "N\uacfc M (9)", "result": "result-wa", "memory": "", "time": "", "language": "Java", "length": "1411", "date": "2019\ub144 9\uc6d4 3\uc77c 15\uc2dc 38\ubd84 45\ucd08"}, {"submission_id": "14937767", "problem_id": "15663", "problem_title": "N\uacfc M (9)", "result": "result-wa", "memory": "", "time": "", "language": "Java", "length": "1411", "date": "2019\ub144 9\uc6d4 3\uc77c 15\uc2dc 38\ubd84 45\ucd08"}, {"submission_id": "14937767", "problem_id": "15663", "problem_title": "N\uacfc M (9)", "result": "result-wa", "memory": "", "time": "", "language": "Java", "length": "1411", "date": "2019\ub144 9\uc6d4 3\uc77c 15\uc2dc 38\ubd84 45\ucd08"}, {"submission_id": "14937767", "problem_id": "15663", "problem_title": "N\uacfc M (9)", "result": "result-wa", "memory": "", "time": "", "language": "Java", "length": "1411", "date": "2019\ub144 9\uc6d4 3\uc77c 15\uc2dc 38\ubd84 45\ucd08"}, {"submission_id": "14937767", "problem_id": "15663", "problem_title": "N\uacfc M (9)", "result": "result-wa", "memory": "", "time": "", "language": "Java", "length": "1411", "date": "2019\ub144 9\uc6d4 3\uc77c 15\uc2dc 38\ubd84 45\ucd08"}, {"submission_id": "14937767", "problem_id": "15663", "problem_title": "N\uacfc M (9)", "result": "result-wa", "memory": "", "time": "", "language": "Java", "length": "1411", "date": "2019\ub144 9\uc6d4 3\uc77c 15\uc2dc 38\ubd84 45\ucd08"}, {"submission_id": "14937767", "problem_id": "15663", "problem_title": "N\uacfc M (9)", "result": "result-wa", "memory": "", "time": "", "language": "Java", "length": "1411", "date": "2019\ub144 9\uc6d4 3\uc77c 15\uc2dc 38\ubd84 45\ucd08"}, {"submission_id": "14937767", "problem_id": "15663", "problem_title": "N\uacfc M (9)", "result": "result-wa", "memory": "", "time": "", "language": "Java", "length": "1411", "date": "2019\ub144 9\uc6d4 3\uc77c 15\uc2dc 38\ubd84 45\ucd08"}, {"submission_id": "14937767", "problem_id": "15663", "problem_title": "N\uacfc M (9)", "result": "result-wa", "memory": "", "time": "", "language": "Java", "length": "1411", "date": "2019\ub144 9\uc6d4 3\uc77c 15\uc2dc 38\ubd84 45\ucd08"}, {"submission_id": "14937767", "problem_id": "15663", "problem_title": "N\uacfc M (9)", "result": "result-wa", "memory": "", "time": "", "language": "Java", "length": "1411", "date": "2019\ub144 9\uc6d4 3\uc77c 15\uc2dc 38\ubd84 45\ucd08"}, {"submission_id": "14937767", "problem_id": "15663", "problem_title": "N\uacfc M (9)", "result": "result-wa", "memory": "", "time": "", "language": "Java", "length": "1411", "date": "2019\ub144 9\uc6d4 3\uc77c 15\uc2dc 38\ubd84 45\ucd08"}, {"submission_id": "14937767", "problem_id": "15663", "problem_title": "N\uacfc M (9)", "result": "result-wa", "memory": "", "time": "", "language": "Java", "length": "1411", "date": "2019\ub144 9\uc6d4 3\uc77c 15\uc2dc 38\ubd84 45\ucd08"}, {"submission_id": "14937767", "problem_id": "15663", "problem_title": "N\uacfc M (9)", "result": "result-wa", "memory": "", "time": "", "language": "Java", "length": "1411", "date": "2019\ub144 9\uc6d4 3\uc77c 15\uc2dc 38\ubd84 45\ucd08"}, {"submission_id": "14937767", "problem_id": "15663", "problem_title": "N\uacfc M (9)", "result": "result-wa", "memory": "", "time": "", "language": "Java", "length": "1411", "date": "2019\ub144 9\uc6d4 3\uc77c 15\uc2dc 38\ubd84 45\ucd08"}, {"submission_id": "14937767", "problem_id": "15663", "problem_title": "N\uacfc M (9)", "result": "result-wa", "memory": "", "time": "", "language": "Java", "length": "1411", "date": "2019\ub144 9\uc6d4 3\uc77c 15\uc2dc 38\ubd84 45\ucd08"}, {"submission_id": "14937767", "problem_id": "15663", "problem_title": "N\uacfc M (9)", "result": "result-wa", "memory": "", "time": "", "language": "Java", "length": "1411", "date": "2019\ub144 9\uc6d4 3\uc77c 15\uc2dc 38\ubd84 45\ucd08"}, {"submission_id": "14937767", "problem_id": "15663", "problem_title": "N\uacfc M (9)", "result": "result-wa", "memory": "", "time": "", "language": "Java", "length": "1411", "date": "2019\ub144 9\uc6d4 3\uc77c 15\uc2dc 38\ubd84 45\ucd08"}, {"submission_id": "14937767", "problem_id": "15663", "problem_title": "N\uacfc M (9)", "result": "result-wa", "memory": "", "time": "", "language": "Java", "length": "1411", "date": "2019\ub144 9\uc6d4 3\uc77c 15\uc2dc 38\ubd84 45\ucd08"}, {"submission_id": "14784891", "problem_id": "10949", "problem_title": "\uc22b\uc790\uc57c\uad6c", "result": "result-ac", "memory": "4532", "time": "0", "language": "Text", "length": "4", "date": "2019\ub144 8\uc6d4 26\uc77c 11\uc2dc 42\ubd84 20\ucd08"}, {"submission_id": "14784891", "problem_id": "10949", "problem_title": "\uc22b\uc790\uc57c\uad6c", "result": "result-ac", "memory": "4532", "time": "0", "language": "Text", "length": "4", "date": "2019\ub144 8\uc6d4 26\uc77c 11\uc2dc 42\ubd84 20\ucd08"}, {"submission_id": "14784891", "problem_id": "10949", "problem_title": "\uc22b\uc790\uc57c\uad6c", "result": "result-ac", "memory": "4532", "time": "0", "language": "Text", "length": "4", "date": "2019\ub144 8\uc6d4 26\uc77c 11\uc2dc 42\ubd84 20\ucd08"}, {"submission_id": "14784891", "problem_id": "10949", "problem_title": "\uc22b\uc790\uc57c\uad6c", "result": "result-ac", "memory": "4532", "time": "0", "language": "Text", "length": "4", "date": "2019\ub144 8\uc6d4 26\uc77c 11\uc2dc 42\ubd84 20\ucd08"}, {"submission_id": "14784891", "problem_id": "10949", "problem_title": "\uc22b\uc790\uc57c\uad6c", "result": "result-ac", "memory": "4532", "time": "0", "language": "Text", "length": "4", "date": "2019\ub144 8\uc6d4 26\uc77c 11\uc2dc 42\ubd84 20\ucd08"}, {"submission_id": "14784891", "problem_id": "10949", "problem_title": "\uc22b\uc790\uc57c\uad6c", "result": "result-ac", "memory": "4532", "time": "0", "language": "Text", "length": "4", "date": "2019\ub144 8\uc6d4 26\uc77c 11\uc2dc 42\ubd84 20\ucd08"}, {"submission_id": "14784891", "problem_id": "10949", "problem_title": "\uc22b\uc790\uc57c\uad6c", "result": "result-ac", "memory": "4532", "time": "0", "language": "Text", "length": "4", "date": "2019\ub144 8\uc6d4 26\uc77c 11\uc2dc 42\ubd84 20\ucd08"}, {"submission_id": "14784891", "problem_id": "10949", "problem_title": "\uc22b\uc790\uc57c\uad6c", "result": "result-ac", "memory": "4532", "time": "0", "language": "Text", "length": "4", "date": "2019\ub144 8\uc6d4 26\uc77c 11\uc2dc 42\ubd84 20\ucd08"}, {"submission_id": "14784891", "problem_id": "10949", "problem_title": "\uc22b\uc790\uc57c\uad6c", "result": "result-ac", "memory": "4532", "time": "0", "language": "Text", "length": "4", "date": "2019\ub144 8\uc6d4 26\uc77c 11\uc2dc 42\ubd84 20\ucd08"}, {"submission_id": "14784891", "problem_id": "10949", "problem_title": "\uc22b\uc790\uc57c\uad6c", "result": "result-ac", "memory": "4532", "time": "0", "language": "Text", "length": "4", "date": "2019\ub144 8\uc6d4 26\uc77c 11\uc2dc 42\ubd84 20\ucd08"}, {"submission_id": "14784891", "problem_id": "10949", "problem_title": "\uc22b\uc790\uc57c\uad6c", "result": "result-ac", "memory": "4532", "time": "0", "language": "Text", "length": "4", "date": "2019\ub144 8\uc6d4 26\uc77c 11\uc2dc 42\ubd84 20\ucd08"}, {"submission_id": "14784891", "problem_id": "10949", "problem_title": "\uc22b\uc790\uc57c\uad6c", "result": "result-ac", "memory": "4532", "time": "0", "language": "Text", "length": "4", "date": "2019\ub144 8\uc6d4 26\uc77c 11\uc2dc 42\ubd84 20\ucd08"}, {"submission_id": "14784891", "problem_id": "10949", "problem_title": "\uc22b\uc790\uc57c\uad6c", "result": "result-ac", "memory": "4532", "time": "0", "language": "Text", "length": "4", "date": "2019\ub144 8\uc6d4 26\uc77c 11\uc2dc 42\ubd84 20\ucd08"}, {"submission_id": "14784891", "problem_id": "10949", "problem_title": "\uc22b\uc790\uc57c\uad6c", "result": "result-ac", "memory": "4532", "time": "0", "language": "Text", "length": "4", "date": "2019\ub144 8\uc6d4 26\uc77c 11\uc2dc 42\ubd84 20\ucd08"}, {"submission_id": "14784891", "problem_id": "10949", "problem_title": "\uc22b\uc790\uc57c\uad6c", "result": "result-ac", "memory": "4532", "time": "0", "language": "Text", "length": "4", "date": "2019\ub144 8\uc6d4 26\uc77c 11\uc2dc 42\ubd84 20\ucd08"}, {"submission_id": "14784891", "problem_id": "10949", "problem_title": "\uc22b\uc790\uc57c\uad6c", "result": "result-ac", "memory": "4532", "time": "0", "language": "Text", "length": "4", "date": "2019\ub144 8\uc6d4 26\uc77c 11\uc2dc 42\ubd84 20\ucd08"}, {"submission_id": "14784891", "problem_id": "10949", "problem_title": "\uc22b\uc790\uc57c\uad6c", "result": "result-ac", "memory": "4532", "time": "0", "language": "Text", "length": "4", "date": "2019\ub144 8\uc6d4 26\uc77c 11\uc2dc 42\ubd84 20\ucd08"}, {"submission_id": "14784891", "problem_id": "10949", "problem_title": "\uc22b\uc790\uc57c\uad6c", "result": "result-ac", "memory": "4532", "time": "0", "language": "Text", "length": "4", "date": "2019\ub144 8\uc6d4 26\uc77c 11\uc2dc 42\ubd84 20\ucd08"}, {"submission_id": "14784891", "problem_id": "10949", "problem_title": "\uc22b\uc790\uc57c\uad6c", "result": "result-ac", "memory": "4532", "time": "0", "language": "Text", "length": "4", "date": "2019\ub144 8\uc6d4 26\uc77c 11\uc2dc 42\ubd84 20\ucd08"}, {"submission_id": "14784891", "problem_id": "10949", "problem_title": "\uc22b\uc790\uc57c\uad6c", "result": "result-ac", "memory": "4532", "time": "0", "language": "Text", "length": "4", "date": "2019\ub144 8\uc6d4 26\uc77c 11\uc2dc 42\ubd84 20\ucd08"}, {"submission_id": "14784021", "problem_id": "2617", "problem_title": "\uad6c\uc2ac \ucc3e\uae30", "result": "result-ce", "memory": "", "time": "", "language": "Java", "length": "1884", "date": "2019\ub144 8\uc6d4 26\uc77c 10\uc2dc 47\ubd84 16\ucd08"}, {"submission_id": "14784021", "problem_id": "2617", "problem_title": "\uad6c\uc2ac \ucc3e\uae30", "result": "result-ce", "memory": "", "time": "", "language": "Java", "length": "1884", "date": "2019\ub144 8\uc6d4 26\uc77c 10\uc2dc 47\ubd84 16\ucd08"}, {"submission_id": "14784021", "problem_id": "2617", "problem_title": "\uad6c\uc2ac \ucc3e\uae30", "result": "result-ce", "memory": "", "time": "", "language": "Java", "length": "1884", "date": "2019\ub144 8\uc6d4 26\uc77c 10\uc2dc 47\ubd84 16\ucd08"}, {"submission_id": "14784021", "problem_id": "2617", "problem_title": "\uad6c\uc2ac \ucc3e\uae30", "result": "result-ce", "memory": "", "time": "", "language": "Java", "length": "1884", "date": "2019\ub144 8\uc6d4 26\uc77c 10\uc2dc 47\ubd84 16\ucd08"}, {"submission_id": "14784021", "problem_id": "2617", "problem_title": "\uad6c\uc2ac \ucc3e\uae30", "result": "result-ce", "memory": "", "time": "", "language": "Java", "length": "1884", "date": "2019\ub144 8\uc6d4 26\uc77c 10\uc2dc 47\ubd84 16\ucd08"}, {"submission_id": "14784021", "problem_id": "2617", "problem_title": "\uad6c\uc2ac \ucc3e\uae30", "result": "result-ce", "memory": "", "time": "", "language": "Java", "length": "1884", "date": "2019\ub144 8\uc6d4 26\uc77c 10\uc2dc 47\ubd84 16\ucd08"}, {"submission_id": "14784021", "problem_id": "2617", "problem_title": "\uad6c\uc2ac \ucc3e\uae30", "result": "result-ce", "memory": "", "time": "", "language": "Java", "length": "1884", "date": "2019\ub144 8\uc6d4 26\uc77c 10\uc2dc 47\ubd84 16\ucd08"}, {"submission_id": "14784021", "problem_id": "2617", "problem_title": "\uad6c\uc2ac \ucc3e\uae30", "result": "result-ce", "memory": "", "time": "", "language": "Java", "length": "1884", "date": "2019\ub144 8\uc6d4 26\uc77c 10\uc2dc 47\ubd84 16\ucd08"}, {"submission_id": "14784021", "problem_id": "2617", "problem_title": "\uad6c\uc2ac \ucc3e\uae30", "result": "result-ce", "memory": "", "time": "", "language": "Java", "length": "1884", "date": "2019\ub144 8\uc6d4 26\uc77c 10\uc2dc 47\ubd84 16\ucd08"}, {"submission_id": "14784021", "problem_id": "2617", "problem_title": "\uad6c\uc2ac \ucc3e\uae30", "result": "result-ce", "memory": "", "time": "", "language": "Java", "length": "1884", "date": "2019\ub144 8\uc6d4 26\uc77c 10\uc2dc 47\ubd84 16\ucd08"}, {"submission_id": "14784021", "problem_id": "2617", "problem_title": "\uad6c\uc2ac \ucc3e\uae30", "result": "result-ce", "memory": "", "time": "", "language": "Java", "length": "1884", "date": "2019\ub144 8\uc6d4 26\uc77c 10\uc2dc 47\ubd84 16\ucd08"}, {"submission_id": "14784021", "problem_id": "2617", "problem_title": "\uad6c\uc2ac \ucc3e\uae30", "result": "result-ce", "memory": "", "time": "", "language": "Java", "length": "1884", "date": "2019\ub144 8\uc6d4 26\uc77c 10\uc2dc 47\ubd84 16\ucd08"}, {"submission_id": "14784021", "problem_id": "2617", "problem_title": "\uad6c\uc2ac \ucc3e\uae30", "result": "result-ce", "memory": "", "time": "", "language": "Java", "length": "1884", "date": "2019\ub144 8\uc6d4 26\uc77c 10\uc2dc 47\ubd84 16\ucd08"}, {"submission_id": "14784021", "problem_id": "2617", "problem_title": "\uad6c\uc2ac \ucc3e\uae30", "result": "result-ce", "memory": "", "time": "", "language": "Java", "length": "1884", "date": "2019\ub144 8\uc6d4 26\uc77c 10\uc2dc 47\ubd84 16\ucd08"}, {"submission_id": "14784021", "problem_id": "2617", "problem_title": "\uad6c\uc2ac \ucc3e\uae30", "result": "result-ce", "memory": "", "time": "", "language": "Java", "length": "1884", "date": "2019\ub144 8\uc6d4 26\uc77c 10\uc2dc 47\ubd84 16\ucd08"}, {"submission_id": "14784021", "problem_id": "2617", "problem_title": "\uad6c\uc2ac \ucc3e\uae30", "result": "result-ce", "memory": "", "time": "", "language": "Java", "length": "1884", "date": "2019\ub144 8\uc6d4 26\uc77c 10\uc2dc 47\ubd84 16\ucd08"}, {"submission_id": "14784021", "problem_id": "2617", "problem_title": "\uad6c\uc2ac \ucc3e\uae30", "result": "result-ce", "memory": "", "time": "", "language": "Java", "length": "1884", "date": "2019\ub144 8\uc6d4 26\uc77c 10\uc2dc 47\ubd84 16\ucd08"}, {"submission_id": "14784021", "problem_id": "2617", "problem_title": "\uad6c\uc2ac \ucc3e\uae30", "result": "result-ce", "memory": "", "time": "", "language": "Java", "length": "1884", "date": "2019\ub144 8\uc6d4 26\uc77c 10\uc2dc 47\ubd84 16\ucd08"}, {"submission_id": "14784021", "problem_id": "2617", "problem_title": "\uad6c\uc2ac \ucc3e\uae30", "result": "result-ce", "memory": "", "time": "", "language": "Java", "length": "1884", "date": "2019\ub144 8\uc6d4 26\uc77c 10\uc2dc 47\ubd84 16\ucd08"}, {"submission_id": "14784021", "problem_id": "2617", "problem_title": "\uad6c\uc2ac \ucc3e\uae30", "result": "result-ce", "memory": "", "time": "", "language": "Java", "length": "1884", "date": "2019\ub144 8\uc6d4 26\uc77c 10\uc2dc 47\ubd84 16\ucd08"}, {"submission_id": "14603852", "problem_id": "9426", "problem_title": "\uc911\uc559\uac12 \uce21\uc815", "result": "result-wa", "memory": "", "time": "", "language": "Java", "length": "2993", "date": "2019\ub144 8\uc6d4 16\uc77c 15\uc2dc 23\ubd84 35\ucd08"}, {"submission_id": "14603852", "problem_id": "9426", "problem_title": "\uc911\uc559\uac12 \uce21\uc815", "result": "result-wa", "memory": "", "time": "", "language": "Java", "length": "2993", "date": "2019\ub144 8\uc6d4 16\uc77c 15\uc2dc 23\ubd84 35\ucd08"}, {"submission_id": "14603852", "problem_id": "9426", "problem_title": "\uc911\uc559\uac12 \uce21\uc815", "result": "result-wa", "memory": "", "time": "", "language": "Java", "length": "2993", "date": "2019\ub144 8\uc6d4 16\uc77c 15\uc2dc 23\ubd84 35\ucd08"}, {"submission_id": "14603852", "problem_id": "9426", "problem_title": "\uc911\uc559\uac12 \uce21\uc815", "result": "result-wa", "memory": "", "time": "", "language": "Java", "length": "2993", "date": "2019\ub144 8\uc6d4 16\uc77c 15\uc2dc 23\ubd84 35\ucd08"}, {"submission_id": "14603852", "problem_id": "9426", "problem_title": "\uc911\uc559\uac12 \uce21\uc815", "result": "result-wa", "memory": "", "time": "", "language": "Java", "length": "2993", "date": "2019\ub144 8\uc6d4 16\uc77c 15\uc2dc 23\ubd84 35\ucd08"}, {"submission_id": "14603852", "problem_id": "9426", "problem_title": "\uc911\uc559\uac12 \uce21\uc815", "result": "result-wa", "memory": "", "time": "", "language": "Java", "length": "2993", "date": "2019\ub144 8\uc6d4 16\uc77c 15\uc2dc 23\ubd84 35\ucd08"}, {"submission_id": "14603852", "problem_id": "9426", "problem_title": "\uc911\uc559\uac12 \uce21\uc815", "result": "result-wa", "memory": "", "time": "", "language": "Java", "length": "2993", "date": "2019\ub144 8\uc6d4 16\uc77c 15\uc2dc 23\ubd84 35\ucd08"}, {"submission_id": "14603852", "problem_id": "9426", "problem_title": "\uc911\uc559\uac12 \uce21\uc815", "result": "result-wa", "memory": "", "time": "", "language": "Java", "length": "2993", "date": "2019\ub144 8\uc6d4 16\uc77c 15\uc2dc 23\ubd84 35\ucd08"}, {"submission_id": "14603852", "problem_id": "9426", "problem_title": "\uc911\uc559\uac12 \uce21\uc815", "result": "result-wa", "memory": "", "time": "", "language": "Java", "length": "2993", "date": "2019\ub144 8\uc6d4 16\uc77c 15\uc2dc 23\ubd84 35\ucd08"}, {"submission_id": "14603852", "problem_id": "9426", "problem_title": "\uc911\uc559\uac12 \uce21\uc815", "result": "result-wa", "memory": "", "time": "", "language": "Java", "length": "2993", "date": "2019\ub144 8\uc6d4 16\uc77c 15\uc2dc 23\ubd84 35\ucd08"}, {"submission_id": "14603852", "problem_id": "9426", "problem_title": "\uc911\uc559\uac12 \uce21\uc815", "result": "result-wa", "memory": "", "time": "", "language": "Java", "length": "2993", "date": "2019\ub144 8\uc6d4 16\uc77c 15\uc2dc 23\ubd84 35\ucd08"}, {"submission_id": "14603852", "problem_id": "9426", "problem_title": "\uc911\uc559\uac12 \uce21\uc815", "result": "result-wa", "memory": "", "time": "", "language": "Java", "length": "2993", "date": "2019\ub144 8\uc6d4 16\uc77c 15\uc2dc 23\ubd84 35\ucd08"}, {"submission_id": "14603852", "problem_id": "9426", "problem_title": "\uc911\uc559\uac12 \uce21\uc815", "result": "result-wa", "memory": "", "time": "", "language": "Java", "length": "2993", "date": "2019\ub144 8\uc6d4 16\uc77c 15\uc2dc 23\ubd84 35\ucd08"}, {"submission_id": "14603852", "problem_id": "9426", "problem_title": "\uc911\uc559\uac12 \uce21\uc815", "result": "result-wa", "memory": "", "time": "", "language": "Java", "length": "2993", "date": "2019\ub144 8\uc6d4 16\uc77c 15\uc2dc 23\ubd84 35\ucd08"}, {"submission_id": "14603852", "problem_id": "9426", "problem_title": "\uc911\uc559\uac12 \uce21\uc815", "result": "result-wa", "memory": "", "time": "", "language": "Java", "length": "2993", "date": "2019\ub144 8\uc6d4 16\uc77c 15\uc2dc 23\ubd84 35\ucd08"}, {"submission_id": "14603852", "problem_id": "9426", "problem_title": "\uc911\uc559\uac12 \uce21\uc815", "result": "result-wa", "memory": "", "time": "", "language": "Java", "length": "2993", "date": "2019\ub144 8\uc6d4 16\uc77c 15\uc2dc 23\ubd84 35\ucd08"}, {"submission_id": "14603852", "problem_id": "9426", "problem_title": "\uc911\uc559\uac12 \uce21\uc815", "result": "result-wa", "memory": "", "time": "", "language": "Java", "length": "2993", "date": "2019\ub144 8\uc6d4 16\uc77c 15\uc2dc 23\ubd84 35\ucd08"}, {"submission_id": "14603852", "problem_id": "9426", "problem_title": "\uc911\uc559\uac12 \uce21\uc815", "result": "result-wa", "memory": "", "time": "", "language": "Java", "length": "2993", "date": "2019\ub144 8\uc6d4 16\uc77c 15\uc2dc 23\ubd84 35\ucd08"}, {"submission_id": "14603852", "problem_id": "9426", "problem_title": "\uc911\uc559\uac12 \uce21\uc815", "result": "result-wa", "memory": "", "time": "", "language": "Java", "length": "2993", "date": "2019\ub144 8\uc6d4 16\uc77c 15\uc2dc 23\ubd84 35\ucd08"}, {"submission_id": "14603852", "problem_id": "9426", "problem_title": "\uc911\uc559\uac12 \uce21\uc815", "result": "result-wa", "memory": "", "time": "", "language": "Java", "length": "2993", "date": "2019\ub144 8\uc6d4 16\uc77c 15\uc2dc 23\ubd84 35\ucd08"}, {"submission_id": "14536435", "problem_id": "2629", "problem_title": "\uc591\ud314\uc800\uc6b8", "result": "result-ac", "memory": "13048", "time": "84", "language": "Java", "length": "1579", "date": "2019\ub144 8\uc6d4 13\uc77c 10\uc2dc 37\ubd84 26\ucd08"}, {"submission_id": "14536435", "problem_id": "2629", "problem_title": "\uc591\ud314\uc800\uc6b8", "result": "result-ac", "memory": "13048", "time": "84", "language": "Java", "length": "1579", "date": "2019\ub144 8\uc6d4 13\uc77c 10\uc2dc 37\ubd84 26\ucd08"}, {"submission_id": "14536435", "problem_id": "2629", "problem_title": "\uc591\ud314\uc800\uc6b8", "result": "result-ac", "memory": "13048", "time": "84", "language": "Java", "length": "1579", "date": "2019\ub144 8\uc6d4 13\uc77c 10\uc2dc 37\ubd84 26\ucd08"}, {"submission_id": "14536435", "problem_id": "2629", "problem_title": "\uc591\ud314\uc800\uc6b8", "result": "result-ac", "memory": "13048", "time": "84", "language": "Java", "length": "1579", "date": "2019\ub144 8\uc6d4 13\uc77c 10\uc2dc 37\ubd84 26\ucd08"}, {"submission_id": "14536435", "problem_id": "2629", "problem_title": "\uc591\ud314\uc800\uc6b8", "result": "result-ac", "memory": "13048", "time": "84", "language": "Java", "length": "1579", "date": "2019\ub144 8\uc6d4 13\uc77c 10\uc2dc 37\ubd84 26\ucd08"}, {"submission_id": "14536435", "problem_id": "2629", "problem_title": "\uc591\ud314\uc800\uc6b8", "result": "result-ac", "memory": "13048", "time": "84", "language": "Java", "length": "1579", "date": "2019\ub144 8\uc6d4 13\uc77c 10\uc2dc 37\ubd84 26\ucd08"}, {"submission_id": "14536435", "problem_id": "2629", "problem_title": "\uc591\ud314\uc800\uc6b8", "result": "result-ac", "memory": "13048", "time": "84", "language": "Java", "length": "1579", "date": "2019\ub144 8\uc6d4 13\uc77c 10\uc2dc 37\ubd84 26\ucd08"}, {"submission_id": "14536435", "problem_id": "2629", "problem_title": "\uc591\ud314\uc800\uc6b8", "result": "result-ac", "memory": "13048", "time": "84", "language": "Java", "length": "1579", "date": "2019\ub144 8\uc6d4 13\uc77c 10\uc2dc 37\ubd84 26\ucd08"}, {"submission_id": "14536435", "problem_id": "2629", "problem_title": "\uc591\ud314\uc800\uc6b8", "result": "result-ac", "memory": "13048", "time": "84", "language": "Java", "length": "1579", "date": "2019\ub144 8\uc6d4 13\uc77c 10\uc2dc 37\ubd84 26\ucd08"}, {"submission_id": "14536435", "problem_id": "2629", "problem_title": "\uc591\ud314\uc800\uc6b8", "result": "result-ac", "memory": "13048", "time": "84", "language": "Java", "length": "1579", "date": "2019\ub144 8\uc6d4 13\uc77c 10\uc2dc 37\ubd84 26\ucd08"}, {"submission_id": "14536435", "problem_id": "2629", "problem_title": "\uc591\ud314\uc800\uc6b8", "result": "result-ac", "memory": "13048", "time": "84", "language": "Java", "length": "1579", "date": "2019\ub144 8\uc6d4 13\uc77c 10\uc2dc 37\ubd84 26\ucd08"}, {"submission_id": "14536435", "problem_id": "2629", "problem_title": "\uc591\ud314\uc800\uc6b8", "result": "result-ac", "memory": "13048", "time": "84", "language": "Java", "length": "1579", "date": "2019\ub144 8\uc6d4 13\uc77c 10\uc2dc 37\ubd84 26\ucd08"}, {"submission_id": "14536435", "problem_id": "2629", "problem_title": "\uc591\ud314\uc800\uc6b8", "result": "result-ac", "memory": "13048", "time": "84", "language": "Java", "length": "1579", "date": "2019\ub144 8\uc6d4 13\uc77c 10\uc2dc 37\ubd84 26\ucd08"}, {"submission_id": "14536435", "problem_id": "2629", "problem_title": "\uc591\ud314\uc800\uc6b8", "result": "result-ac", "memory": "13048", "time": "84", "language": "Java", "length": "1579", "date": "2019\ub144 8\uc6d4 13\uc77c 10\uc2dc 37\ubd84 26\ucd08"}, {"submission_id": "14536435", "problem_id": "2629", "problem_title": "\uc591\ud314\uc800\uc6b8", "result": "result-ac", "memory": "13048", "time": "84", "language": "Java", "length": "1579", "date": "2019\ub144 8\uc6d4 13\uc77c 10\uc2dc 37\ubd84 26\ucd08"}, {"submission_id": "14536435", "problem_id": "2629", "problem_title": "\uc591\ud314\uc800\uc6b8", "result": "result-ac", "memory": "13048", "time": "84", "language": "Java", "length": "1579", "date": "2019\ub144 8\uc6d4 13\uc77c 10\uc2dc 37\ubd84 26\ucd08"}, {"submission_id": "14536435", "problem_id": "2629", "problem_title": "\uc591\ud314\uc800\uc6b8", "result": "result-ac", "memory": "13048", "time": "84", "language": "Java", "length": "1579", "date": "2019\ub144 8\uc6d4 13\uc77c 10\uc2dc 37\ubd84 26\ucd08"}, {"submission_id": "14536435", "problem_id": "2629", "problem_title": "\uc591\ud314\uc800\uc6b8", "result": "result-ac", "memory": "13048", "time": "84", "language": "Java", "length": "1579", "date": "2019\ub144 8\uc6d4 13\uc77c 10\uc2dc 37\ubd84 26\ucd08"}, {"submission_id": "14536435", "problem_id": "2629", "problem_title": "\uc591\ud314\uc800\uc6b8", "result": "result-ac", "memory": "13048", "time": "84", "language": "Java", "length": "1579", "date": "2019\ub144 8\uc6d4 13\uc77c 10\uc2dc 37\ubd84 26\ucd08"}, {"submission_id": "14536435", "problem_id": "2629", "problem_title": "\uc591\ud314\uc800\uc6b8", "result": "result-ac", "memory": "13048", "time": "84", "language": "Java", "length": "1579", "date": "2019\ub144 8\uc6d4 13\uc77c 10\uc2dc 37\ubd84 26\ucd08"}, {"submission_id": "14386991", "problem_id": "17135", "problem_title": "\uce90\uc2ac \ub514\ud39c\uc2a4", "result": "result-wa", "memory": "", "time": "", "language": "Java", "length": "5850", "date": "2019\ub144 8\uc6d4 6\uc77c 12\uc2dc 40\ubd84 00\ucd08"}, {"submission_id": "14386991", "problem_id": "17135", "problem_title": "\uce90\uc2ac \ub514\ud39c\uc2a4", "result": "result-wa", "memory": "", "time": "", "language": "Java", "length": "5850", "date": "2019\ub144 8\uc6d4 6\uc77c 12\uc2dc 40\ubd84 00\ucd08"}, {"submission_id": "14386991", "problem_id": "17135", "problem_title": "\uce90\uc2ac \ub514\ud39c\uc2a4", "result": "result-wa", "memory": "", "time": "", "language": "Java", "length": "5850", "date": "2019\ub144 8\uc6d4 6\uc77c 12\uc2dc 40\ubd84 00\ucd08"}, {"submission_id": "14386991", "problem_id": "17135", "problem_title": "\uce90\uc2ac \ub514\ud39c\uc2a4", "result": "result-wa", "memory": "", "time": "", "language": "Java", "length": "5850", "date": "2019\ub144 8\uc6d4 6\uc77c 12\uc2dc 40\ubd84 00\ucd08"}, {"submission_id": "14386991", "problem_id": "17135", "problem_title": "\uce90\uc2ac \ub514\ud39c\uc2a4", "result": "result-wa", "memory": "", "time": "", "language": "Java", "length": "5850", "date": "2019\ub144 8\uc6d4 6\uc77c 12\uc2dc 40\ubd84 00\ucd08"}, {"submission_id": "14386991", "problem_id": "17135", "problem_title": "\uce90\uc2ac \ub514\ud39c\uc2a4", "result": "result-wa", "memory": "", "time": "", "language": "Java", "length": "5850", "date": "2019\ub144 8\uc6d4 6\uc77c 12\uc2dc 40\ubd84 00\ucd08"}, {"submission_id": "14386991", "problem_id": "17135", "problem_title": "\uce90\uc2ac \ub514\ud39c\uc2a4", "result": "result-wa", "memory": "", "time": "", "language": "Java", "length": "5850", "date": "2019\ub144 8\uc6d4 6\uc77c 12\uc2dc 40\ubd84 00\ucd08"}, {"submission_id": "14386991", "problem_id": "17135", "problem_title": "\uce90\uc2ac \ub514\ud39c\uc2a4", "result": "result-wa", "memory": "", "time": "", "language": "Java", "length": "5850", "date": "2019\ub144 8\uc6d4 6\uc77c 12\uc2dc 40\ubd84 00\ucd08"}, {"submission_id": "14386991", "problem_id": "17135", "problem_title": "\uce90\uc2ac \ub514\ud39c\uc2a4", "result": "result-wa", "memory": "", "time": "", "language": "Java", "length": "5850", "date": "2019\ub144 8\uc6d4 6\uc77c 12\uc2dc 40\ubd84 00\ucd08"}, {"submission_id": "14386991", "problem_id": "17135", "problem_title": "\uce90\uc2ac \ub514\ud39c\uc2a4", "result": "result-wa", "memory": "", "time": "", "language": "Java", "length": "5850", "date": "2019\ub144 8\uc6d4 6\uc77c 12\uc2dc 40\ubd84 00\ucd08"}, {"submission_id": "14386991", "problem_id": "17135", "problem_title": "\uce90\uc2ac \ub514\ud39c\uc2a4", "result": "result-wa", "memory": "", "time": "", "language": "Java", "length": "5850", "date": "2019\ub144 8\uc6d4 6\uc77c 12\uc2dc 40\ubd84 00\ucd08"}, {"submission_id": "14386991", "problem_id": "17135", "problem_title": "\uce90\uc2ac \ub514\ud39c\uc2a4", "result": "result-wa", "memory": "", "time": "", "language": "Java", "length": "5850", "date": "2019\ub144 8\uc6d4 6\uc77c 12\uc2dc 40\ubd84 00\ucd08"}, {"submission_id": "14386991", "problem_id": "17135", "problem_title": "\uce90\uc2ac \ub514\ud39c\uc2a4", "result": "result-wa", "memory": "", "time": "", "language": "Java", "length": "5850", "date": "2019\ub144 8\uc6d4 6\uc77c 12\uc2dc 40\ubd84 00\ucd08"}, {"submission_id": "14386991", "problem_id": "17135", "problem_title": "\uce90\uc2ac \ub514\ud39c\uc2a4", "result": "result-wa", "memory": "", "time": "", "language": "Java", "length": "5850", "date": "2019\ub144 8\uc6d4 6\uc77c 12\uc2dc 40\ubd84 00\ucd08"}, {"submission_id": "14386991", "problem_id": "17135", "problem_title": "\uce90\uc2ac \ub514\ud39c\uc2a4", "result": "result-wa", "memory": "", "time": "", "language": "Java", "length": "5850", "date": "2019\ub144 8\uc6d4 6\uc77c 12\uc2dc 40\ubd84 00\ucd08"}, {"submission_id": "14386991", "problem_id": "17135", "problem_title": "\uce90\uc2ac \ub514\ud39c\uc2a4", "result": "result-wa", "memory": "", "time": "", "language": "Java", "length": "5850", "date": "2019\ub144 8\uc6d4 6\uc77c 12\uc2dc 40\ubd84 00\ucd08"}, {"submission_id": "14386991", "problem_id": "17135", "problem_title": "\uce90\uc2ac \ub514\ud39c\uc2a4", "result": "result-wa", "memory": "", "time": "", "language": "Java", "length": "5850", "date": "2019\ub144 8\uc6d4 6\uc77c 12\uc2dc 40\ubd84 00\ucd08"}, {"submission_id": "14386991", "problem_id": "17135", "problem_title": "\uce90\uc2ac \ub514\ud39c\uc2a4", "result": "result-wa", "memory": "", "time": "", "language": "Java", "length": "5850", "date": "2019\ub144 8\uc6d4 6\uc77c 12\uc2dc 40\ubd84 00\ucd08"}, {"submission_id": "14386991", "problem_id": "17135", "problem_title": "\uce90\uc2ac \ub514\ud39c\uc2a4", "result": "result-wa", "memory": "", "time": "", "language": "Java", "length": "5850", "date": "2019\ub144 8\uc6d4 6\uc77c 12\uc2dc 40\ubd84 00\ucd08"}, {"submission_id": "14386991", "problem_id": "17135", "problem_title": "\uce90\uc2ac \ub514\ud39c\uc2a4", "result": "result-wa", "memory": "", "time": "", "language": "Java", "length": "5850", "date": "2019\ub144 8\uc6d4 6\uc77c 12\uc2dc 40\ubd84 00\ucd08"}, {"submission_id": "14091662", "problem_id": "11726", "problem_title": "2\u00d7n \ud0c0\uc77c\ub9c1", "result": "result-ac", "memory": "14260", "time": "100", "language": "Java", "length": "375", "date": "2019\ub144 7\uc6d4 23\uc77c 8\uc2dc 35\ubd84 50\ucd08"}, {"submission_id": "14091662", "problem_id": "11726", "problem_title": "2\u00d7n \ud0c0\uc77c\ub9c1", "result": "result-ac", "memory": "14260", "time": "100", "language": "Java", "length": "375", "date": "2019\ub144 7\uc6d4 23\uc77c 8\uc2dc 35\ubd84 50\ucd08"}, {"submission_id": "14091662", "problem_id": "11726", "problem_title": "2\u00d7n \ud0c0\uc77c\ub9c1", "result": "result-ac", "memory": "14260", "time": "100", "language": "Java", "length": "375", "date": "2019\ub144 7\uc6d4 23\uc77c 8\uc2dc 35\ubd84 50\ucd08"}, {"submission_id": "14091662", "problem_id": "11726", "problem_title": "2\u00d7n \ud0c0\uc77c\ub9c1", "result": "result-ac", "memory": "14260", "time": "100", "language": "Java", "length": "375", "date": "2019\ub144 7\uc6d4 23\uc77c 8\uc2dc 35\ubd84 50\ucd08"}, {"submission_id": "14091662", "problem_id": "11726", "problem_title": "2\u00d7n \ud0c0\uc77c\ub9c1", "result": "result-ac", "memory": "14260", "time": "100", "language": "Java", "length": "375", "date": "2019\ub144 7\uc6d4 23\uc77c 8\uc2dc 35\ubd84 50\ucd08"}, {"submission_id": "14091662", "problem_id": "11726", "problem_title": "2\u00d7n \ud0c0\uc77c\ub9c1", "result": "result-ac", "memory": "14260", "time": "100", "language": "Java", "length": "375", "date": "2019\ub144 7\uc6d4 23\uc77c 8\uc2dc 35\ubd84 50\ucd08"}, {"submission_id": "14091662", "problem_id": "11726", "problem_title": "2\u00d7n \ud0c0\uc77c\ub9c1", "result": "result-ac", "memory": "14260", "time": "100", "language": "Java", "length": "375", "date": "2019\ub144 7\uc6d4 23\uc77c 8\uc2dc 35\ubd84 50\ucd08"}, {"submission_id": "14091662", "problem_id": "11726", "problem_title": "2\u00d7n \ud0c0\uc77c\ub9c1", "result": "result-ac", "memory": "14260", "time": "100", "language": "Java", "length": "375", "date": "2019\ub144 7\uc6d4 23\uc77c 8\uc2dc 35\ubd84 50\ucd08"}, {"submission_id": "14091662", "problem_id": "11726", "problem_title": "2\u00d7n \ud0c0\uc77c\ub9c1", "result": "result-ac", "memory": "14260", "time": "100", "language": "Java", "length": "375", "date": "2019\ub144 7\uc6d4 23\uc77c 8\uc2dc 35\ubd84 50\ucd08"}, {"submission_id": "14091662", "problem_id": "11726", "problem_title": "2\u00d7n \ud0c0\uc77c\ub9c1", "result": "result-ac", "memory": "14260", "time": "100", "language": "Java", "length": "375", "date": "2019\ub144 7\uc6d4 23\uc77c 8\uc2dc 35\ubd84 50\ucd08"}, {"submission_id": "14091662", "problem_id": "11726", "problem_title": "2\u00d7n \ud0c0\uc77c\ub9c1", "result": "result-ac", "memory": "14260", "time": "100", "language": "Java", "length": "375", "date": "2019\ub144 7\uc6d4 23\uc77c 8\uc2dc 35\ubd84 50\ucd08"}, {"submission_id": "14091662", "problem_id": "11726", "problem_title": "2\u00d7n \ud0c0\uc77c\ub9c1", "result": "result-ac", "memory": "14260", "time": "100", "language": "Java", "length": "375", "date": "2019\ub144 7\uc6d4 23\uc77c 8\uc2dc 35\ubd84 50\ucd08"}, {"submission_id": "14091662", "problem_id": "11726", "problem_title": "2\u00d7n \ud0c0\uc77c\ub9c1", "result": "result-ac", "memory": "14260", "time": "100", "language": "Java", "length": "375", "date": "2019\ub144 7\uc6d4 23\uc77c 8\uc2dc 35\ubd84 50\ucd08"}, {"submission_id": "14091662", "problem_id": "11726", "problem_title": "2\u00d7n \ud0c0\uc77c\ub9c1", "result": "result-ac", "memory": "14260", "time": "100", "language": "Java", "length": "375", "date": "2019\ub144 7\uc6d4 23\uc77c 8\uc2dc 35\ubd84 50\ucd08"}, {"submission_id": "14091662", "problem_id": "11726", "problem_title": "2\u00d7n \ud0c0\uc77c\ub9c1", "result": "result-ac", "memory": "14260", "time": "100", "language": "Java", "length": "375", "date": "2019\ub144 7\uc6d4 23\uc77c 8\uc2dc 35\ubd84 50\ucd08"}, {"submission_id": "14091662", "problem_id": "11726", "problem_title": "2\u00d7n \ud0c0\uc77c\ub9c1", "result": "result-ac", "memory": "14260", "time": "100", "language": "Java", "length": "375", "date": "2019\ub144 7\uc6d4 23\uc77c 8\uc2dc 35\ubd84 50\ucd08"}, {"submission_id": "14091662", "problem_id": "11726", "problem_title": "2\u00d7n \ud0c0\uc77c\ub9c1", "result": "result-ac", "memory": "14260", "time": "100", "language": "Java", "length": "375", "date": "2019\ub144 7\uc6d4 23\uc77c 8\uc2dc 35\ubd84 50\ucd08"}, {"submission_id": "14091662", "problem_id": "11726", "problem_title": "2\u00d7n \ud0c0\uc77c\ub9c1", "result": "result-ac", "memory": "14260", "time": "100", "language": "Java", "length": "375", "date": "2019\ub144 7\uc6d4 23\uc77c 8\uc2dc 35\ubd84 50\ucd08"}, {"submission_id": "14091662", "problem_id": "11726", "problem_title": "2\u00d7n \ud0c0\uc77c\ub9c1", "result": "result-ac", "memory": "14260", "time": "100", "language": "Java", "length": "375", "date": "2019\ub144 7\uc6d4 23\uc77c 8\uc2dc 35\ubd84 50\ucd08"}, {"submission_id": "14091662", "problem_id": "11726", "problem_title": "2\u00d7n \ud0c0\uc77c\ub9c1", "result": "result-ac", "memory": "14260", "time": "100", "language": "Java", "length": "375", "date": "2019\ub144 7\uc6d4 23\uc77c 8\uc2dc 35\ubd84 50\ucd08"}, {"submission_id": "3009572", "problem_id": "10253", "problem_title": "\ud5e8\ub9ac", "result": "result-tle", "memory": "", "time": "", "language": "C", "length": "2109", "date": "2016\ub144 5\uc6d4 28\uc77c 15\uc2dc 58\ubd84 09\ucd08"}, {"submission_id": "3009572", "problem_id": "10253", "problem_title": "\ud5e8\ub9ac", "result": "result-tle", "memory": "", "time": "", "language": "C", "length": "2109", "date": "2016\ub144 5\uc6d4 28\uc77c 15\uc2dc 58\ubd84 09\ucd08"}, {"submission_id": "3009572", "problem_id": "10253", "problem_title": "\ud5e8\ub9ac", "result": "result-tle", "memory": "", "time": "", "language": "C", "length": "2109", "date": "2016\ub144 5\uc6d4 28\uc77c 15\uc2dc 58\ubd84 09\ucd08"}, {"submission_id": "3009572", "problem_id": "10253", "problem_title": "\ud5e8\ub9ac", "result": "result-tle", "memory": "", "time": "", "language": "C", "length": "2109", "date": "2016\ub144 5\uc6d4 28\uc77c 15\uc2dc 58\ubd84 09\ucd08"}, {"submission_id": "3009572", "problem_id": "10253", "problem_title": "\ud5e8\ub9ac", "result": "result-tle", "memory": "", "time": "", "language": "C", "length": "2109", "date": "2016\ub144 5\uc6d4 28\uc77c 15\uc2dc 58\ubd84 09\ucd08"}, {"submission_id": "3009572", "problem_id": "10253", "problem_title": "\ud5e8\ub9ac", "result": "result-tle", "memory": "", "time": "", "language": "C", "length": "2109", "date": "2016\ub144 5\uc6d4 28\uc77c 15\uc2dc 58\ubd84 09\ucd08"}, {"submission_id": "3009572", "problem_id": "10253", "problem_title": "\ud5e8\ub9ac", "result": "result-tle", "memory": "", "time": "", "language": "C", "length": "2109", "date": "2016\ub144 5\uc6d4 28\uc77c 15\uc2dc 58\ubd84 09\ucd08"}, {"submission_id": "3009572", "problem_id": "10253", "problem_title": "\ud5e8\ub9ac", "result": "result-tle", "memory": "", "time": "", "language": "C", "length": "2109", "date": "2016\ub144 5\uc6d4 28\uc77c 15\uc2dc 58\ubd84 09\ucd08"}, {"submission_id": "3009572", "problem_id": "10253", "problem_title": "\ud5e8\ub9ac", "result": "result-tle", "memory": "", "time": "", "language": "C", "length": "2109", "date": "2016\ub144 5\uc6d4 28\uc77c 15\uc2dc 58\ubd84 09\ucd08"}, {"submission_id": "3009572", "problem_id": "10253", "problem_title": "\ud5e8\ub9ac", "result": "result-tle", "memory": "", "time": "", "language": "C", "length": "2109", "date": "2016\ub144 5\uc6d4 28\uc77c 15\uc2dc 58\ubd84 09\ucd08"}, {"submission_id": "3009572", "problem_id": "10253", "problem_title": "\ud5e8\ub9ac", "result": "result-tle", "memory": "", "time": "", "language": "C", "length": "2109", "date": "2016\ub144 5\uc6d4 28\uc77c 15\uc2dc 58\ubd84 09\ucd08"}, {"submission_id": "3009572", "problem_id": "10253", "problem_title": "\ud5e8\ub9ac", "result": "result-tle", "memory": "", "time": "", "language": "C", "length": "2109", "date": "2016\ub144 5\uc6d4 28\uc77c 15\uc2dc 58\ubd84 09\ucd08"}, {"submission_id": "3009572", "problem_id": "10253", "problem_title": "\ud5e8\ub9ac", "result": "result-tle", "memory": "", "time": "", "language": "C", "length": "2109", "date": "2016\ub144 5\uc6d4 28\uc77c 15\uc2dc 58\ubd84 09\ucd08"}, {"submission_id": "3009572", "problem_id": "10253", "problem_title": "\ud5e8\ub9ac", "result": "result-tle", "memory": "", "time": "", "language": "C", "length": "2109", "date": "2016\ub144 5\uc6d4 28\uc77c 15\uc2dc 58\ubd84 09\ucd08"}, {"submission_id": "3009572", "problem_id": "10253", "problem_title": "\ud5e8\ub9ac", "result": "result-tle", "memory": "", "time": "", "language": "C", "length": "2109", "date": "2016\ub144 5\uc6d4 28\uc77c 15\uc2dc 58\ubd84 09\ucd08"}, {"submission_id": "3009572", "problem_id": "10253", "problem_title": "\ud5e8\ub9ac", "result": "result-tle", "memory": "", "time": "", "language": "C", "length": "2109", "date": "2016\ub144 5\uc6d4 28\uc77c 15\uc2dc 58\ubd84 09\ucd08"}, {"submission_id": "3009572", "problem_id": "10253", "problem_title": "\ud5e8\ub9ac", "result": "result-tle", "memory": "", "time": "", "language": "C", "length": "2109", "date": "2016\ub144 5\uc6d4 28\uc77c 15\uc2dc 58\ubd84 09\ucd08"}, {"submission_id": "3009572", "problem_id": "10253", "problem_title": "\ud5e8\ub9ac", "result": "result-tle", "memory": "", "time": "", "language": "C", "length": "2109", "date": "2016\ub144 5\uc6d4 28\uc77c 15\uc2dc 58\ubd84 09\ucd08"}, {"submission_id": "3009572", "problem_id": "10253", "problem_title": "\ud5e8\ub9ac", "result": "result-tle", "memory": "", "time": "", "language": "C", "length": "2109", "date": "2016\ub144 5\uc6d4 28\uc77c 15\uc2dc 58\ubd84 09\ucd08"}]