[{"submission_id": "16520276", "problem_id": "15684", "problem_title": "\uc0ac\ub2e4\ub9ac \uc870\uc791", "result": "result-tle", "memory": "", "time": "", "language": "Java", "length": "2214", "date": "2019\ub144 12\uc6d4 19\uc77c 15\uc2dc 38\ubd84 26\ucd08"}, {"submission_id": "16520276", "problem_id": "15684", "problem_title": "\uc0ac\ub2e4\ub9ac \uc870\uc791", "result": "result-tle", "memory": "", "time": "", "language": "Java", "length": "2214", "date": "2019\ub144 12\uc6d4 19\uc77c 15\uc2dc 38\ubd84 26\ucd08"}, {"submission_id": "16520276", "problem_id": "15684", "problem_title": "\uc0ac\ub2e4\ub9ac \uc870\uc791", "result": "result-tle", "memory": "", "time": "", "language": "Java", "length": "2214", "date": "2019\ub144 12\uc6d4 19\uc77c 15\uc2dc 38\ubd84 26\ucd08"}, {"submission_id": "16520276", "problem_id": "15684", "problem_title": "\uc0ac\ub2e4\ub9ac \uc870\uc791", "result": "result-tle", "memory": "", "time": "", "language": "Java", "length": "2214", "date": "2019\ub144 12\uc6d4 19\uc77c 15\uc2dc 38\ubd84 26\ucd08"}, {"submission_id": "16520276", "problem_id": "15684", "problem_title": "\uc0ac\ub2e4\ub9ac \uc870\uc791", "result": "result-tle", "memory": "", "time": "", "language": "Java", "length": "2214", "date": "2019\ub144 12\uc6d4 19\uc77c 15\uc2dc 38\ubd84 26\ucd08"}, {"submission_id": "16520276", "problem_id": "15684", "problem_title": "\uc0ac\ub2e4\ub9ac \uc870\uc791", "result": "result-tle", "memory": "", "time": "", "language": "Java", "length": "2214", "date": "2019\ub144 12\uc6d4 19\uc77c 15\uc2dc 38\ubd84 26\ucd08"}, {"submission_id": "16520276", "problem_id": "15684", "problem_title": "\uc0ac\ub2e4\ub9ac \uc870\uc791", "result": "result-tle", "memory": "", "time": "", "language": "Java", "length": "2214", "date": "2019\ub144 12\uc6d4 19\uc77c 15\uc2dc 38\ubd84 26\ucd08"}, {"submission_id": "16520276", "problem_id": "15684", "problem_title": "\uc0ac\ub2e4\ub9ac \uc870\uc791", "result": "result-tle", "memory": "", "time": "", "language": "Java", "length": "2214", "date": "2019\ub144 12\uc6d4 19\uc77c 15\uc2dc 38\ubd84 26\ucd08"}, {"submission_id": "16520276", "problem_id": "15684", "problem_title": "\uc0ac\ub2e4\ub9ac \uc870\uc791", "result": "result-tle", "memory": "", "time": "", "language": "Java", "length": "2214", "date": "2019\ub144 12\uc6d4 19\uc77c 15\uc2dc 38\ubd84 26\ucd08"}, {"submission_id": "16520276", "problem_id": "15684", "problem_title": "\uc0ac\ub2e4\ub9ac \uc870\uc791", "result": "result-tle", "memory": "", "time": "", "language": "Java", "length": "2214", "date": "2019\ub144 12\uc6d4 19\uc77c 15\uc2dc 38\ubd84 26\ucd08"}, {"submission_id": "16520276", "problem_id": "15684", "problem_title": "\uc0ac\ub2e4\ub9ac \uc870\uc791", "result": "result-tle", "memory": "", "time": "", "language": "Java", "length": "2214", "date": "2019\ub144 12\uc6d4 19\uc77c 15\uc2dc 38\ubd84 26\ucd08"}, {"submission_id": "16520276", "problem_id": "15684", "problem_title": "\uc0ac\ub2e4\ub9ac \uc870\uc791", "result": "result-tle", "memory": "", "time": "", "language": "Java", "length": "2214", "date": "2019\ub144 12\uc6d4 19\uc77c 15\uc2dc 38\ubd84 26\ucd08"}, {"submission_id": "16520276", "problem_id": "15684", "problem_title": "\uc0ac\ub2e4\ub9ac \uc870\uc791", "result": "result-tle", "memory": "", "time": "", "language": "Java", "length": "2214", "date": "2019\ub144 12\uc6d4 19\uc77c 15\uc2dc 38\ubd84 26\ucd08"}, {"submission_id": "16520276", "problem_id": "15684", "problem_title": "\uc0ac\ub2e4\ub9ac \uc870\uc791", "result": "result-tle", "memory": "", "time": "", "language": "Java", "length": "2214", "date": "2019\ub144 12\uc6d4 19\uc77c 15\uc2dc 38\ubd84 26\ucd08"}, {"submission_id": "16520276", "problem_id": "15684", "problem_title": "\uc0ac\ub2e4\ub9ac \uc870\uc791", "result": "result-tle", "memory": "", "time": "", "language": "Java", "length": "2214", "date": "2019\ub144 12\uc6d4 19\uc77c 15\uc2dc 38\ubd84 26\ucd08"}, {"submission_id": "16520276", "problem_id": "15684", "problem_title": "\uc0ac\ub2e4\ub9ac \uc870\uc791", "result": "result-tle", "memory": "", "time": "", "language": "Java", "length": "2214", "date": "2019\ub144 12\uc6d4 19\uc77c 15\uc2dc 38\ubd84 26\ucd08"}, {"submission_id": "16520276", "problem_id": "15684", "problem_title": "\uc0ac\ub2e4\ub9ac \uc870\uc791", "result": "result-tle", "memory": "", "time": "", "language": "Java", "length": "2214", "date": "2019\ub144 12\uc6d4 19\uc77c 15\uc2dc 38\ubd84 26\ucd08"}, {"submission_id": "16520276", "problem_id": "15684", "problem_title": "\uc0ac\ub2e4\ub9ac \uc870\uc791", "result": "result-tle", "memory": "", "time": "", "language": "Java", "length": "2214", "date": "2019\ub144 12\uc6d4 19\uc77c 15\uc2dc 38\ubd84 26\ucd08"}, {"submission_id": "16520276", "problem_id": "15684", "problem_title": "\uc0ac\ub2e4\ub9ac \uc870\uc791", "result": "result-tle", "memory": "", "time": "", "language": "Java", "length": "2214", "date": "2019\ub144 12\uc6d4 19\uc77c 15\uc2dc 38\ubd84 26\ucd08"}, {"submission_id": "16520276", "problem_id": "15684", "problem_title": "\uc0ac\ub2e4\ub9ac \uc870\uc791", "result": "result-tle", "memory": "", "time": "", "language": "Java", "length": "2214", "date": "2019\ub144 12\uc6d4 19\uc77c 15\uc2dc 38\ubd84 26\ucd08"}, {"submission_id": "16427408", "problem_id": "1697", "problem_title": "\uc228\ubc14\uaf2d\uc9c8", "result": "result-tle", "memory": "", "time": "", "language": "Java", "length": "1204", "date": "2019\ub144 12\uc6d4 11\uc77c 10\uc2dc 24\ubd84 24\ucd08"}, {"submission_id": "16427408", "problem_id": "1697", "problem_title": "\uc228\ubc14\uaf2d\uc9c8", "result": "result-tle", "memory": "", "time": "", "language": "Java", "length": "1204", "date": "2019\ub144 12\uc6d4 11\uc77c 10\uc2dc 24\ubd84 24\ucd08"}, {"submission_id": "16427408", "problem_id": "1697", "problem_title": "\uc228\ubc14\uaf2d\uc9c8", "result": "result-tle", "memory": "", "time": "", "language": "Java", "length": "1204", "date": "2019\ub144 12\uc6d4 11\uc77c 10\uc2dc 24\ubd84 24\ucd08"}, {"submission_id": "16427408", "problem_id": "1697", "problem_title": "\uc228\ubc14\uaf2d\uc9c8", "result": "result-tle", "memory": "", "time": "", "language": "Java", "length": "1204", "date": "2019\ub144 12\uc6d4 11\uc77c 10\uc2dc 24\ubd84 24\ucd08"}, {"submission_id": "16427408", "problem_id": "1697", "problem_title": "\uc228\ubc14\uaf2d\uc9c8", "result": "result-tle", "memory": "", "time": "", "language": "Java", "length": "1204", "date": "2019\ub144 12\uc6d4 11\uc77c 10\uc2dc 24\ubd84 24\ucd08"}, {"submission_id": "16427408", "problem_id": "1697", "problem_title": "\uc228\ubc14\uaf2d\uc9c8", "result": "result-tle", "memory": "", "time": "", "language": "Java", "length": "1204", "date": "2019\ub144 12\uc6d4 11\uc77c 10\uc2dc 24\ubd84 24\ucd08"}, {"submission_id": "16427408", "problem_id": "1697", "problem_title": "\uc228\ubc14\uaf2d\uc9c8", "result": "result-tle", "memory": "", "time": "", "language": "Java", "length": "1204", "date": "2019\ub144 12\uc6d4 11\uc77c 10\uc2dc 24\ubd84 24\ucd08"}, {"submission_id": "16427408", "problem_id": "1697", "problem_title": "\uc228\ubc14\uaf2d\uc9c8", "result": "result-tle", "memory": "", "time": "", "language": "Java", "length": "1204", "date": "2019\ub144 12\uc6d4 11\uc77c 10\uc2dc 24\ubd84 24\ucd08"}, {"submission_id": "16427408", "problem_id": "1697", "problem_title": "\uc228\ubc14\uaf2d\uc9c8", "result": "result-tle", "memory": "", "time": "", "language": "Java", "length": "1204", "date": "2019\ub144 12\uc6d4 11\uc77c 10\uc2dc 24\ubd84 24\ucd08"}, {"submission_id": "16427408", "problem_id": "1697", "problem_title": "\uc228\ubc14\uaf2d\uc9c8", "result": "result-tle", "memory": "", "time": "", "language": "Java", "length": "1204", "date": "2019\ub144 12\uc6d4 11\uc77c 10\uc2dc 24\ubd84 24\ucd08"}, {"submission_id": "16427408", "problem_id": "1697", "problem_title": "\uc228\ubc14\uaf2d\uc9c8", "result": "result-tle", "memory": "", "time": "", "language": "Java", "length": "1204", "date": "2019\ub144 12\uc6d4 11\uc77c 10\uc2dc 24\ubd84 24\ucd08"}, {"submission_id": "16427408", "problem_id": "1697", "problem_title": "\uc228\ubc14\uaf2d\uc9c8", "result": "result-tle", "memory": "", "time": "", "language": "Java", "length": "1204", "date": "2019\ub144 12\uc6d4 11\uc77c 10\uc2dc 24\ubd84 24\ucd08"}, {"submission_id": "16427408", "problem_id": "1697", "problem_title": "\uc228\ubc14\uaf2d\uc9c8", "result": "result-tle", "memory": "", "time": "", "language": "Java", "length": "1204", "date": "2019\ub144 12\uc6d4 11\uc77c 10\uc2dc 24\ubd84 24\ucd08"}, {"submission_id": "16427408", "problem_id": "1697", "problem_title": "\uc228\ubc14\uaf2d\uc9c8", "result": "result-tle", "memory": "", "time": "", "language": "Java", "length": "1204", "date": "2019\ub144 12\uc6d4 11\uc77c 10\uc2dc 24\ubd84 24\ucd08"}, {"submission_id": "16427408", "problem_id": "1697", "problem_title": "\uc228\ubc14\uaf2d\uc9c8", "result": "result-tle", "memory": "", "time": "", "language": "Java", "length": "1204", "date": "2019\ub144 12\uc6d4 11\uc77c 10\uc2dc 24\ubd84 24\ucd08"}, {"submission_id": "16427408", "problem_id": "1697", "problem_title": "\uc228\ubc14\uaf2d\uc9c8", "result": "result-tle", "memory": "", "time": "", "language": "Java", "length": "1204", "date": "2019\ub144 12\uc6d4 11\uc77c 10\uc2dc 24\ubd84 24\ucd08"}, {"submission_id": "16427408", "problem_id": "1697", "problem_title": "\uc228\ubc14\uaf2d\uc9c8", "result": "result-tle", "memory": "", "time": "", "language": "Java", "length": "1204", "date": "2019\ub144 12\uc6d4 11\uc77c 10\uc2dc 24\ubd84 24\ucd08"}, {"submission_id": "16427408", "problem_id": "1697", "problem_title": "\uc228\ubc14\uaf2d\uc9c8", "result": "result-tle", "memory": "", "time": "", "language": "Java", "length": "1204", "date": "2019\ub144 12\uc6d4 11\uc77c 10\uc2dc 24\ubd84 24\ucd08"}, {"submission_id": "16427408", "problem_id": "1697", "problem_title": "\uc228\ubc14\uaf2d\uc9c8", "result": "result-tle", "memory": "", "time": "", "language": "Java", "length": "1204", "date": "2019\ub144 12\uc6d4 11\uc77c 10\uc2dc 24\ubd84 24\ucd08"}, {"submission_id": "16427408", "problem_id": "1697", "problem_title": "\uc228\ubc14\uaf2d\uc9c8", "result": "result-tle", "memory": "", "time": "", "language": "Java", "length": "1204", "date": "2019\ub144 12\uc6d4 11\uc77c 10\uc2dc 24\ubd84 24\ucd08"}, {"submission_id": "16123573", "problem_id": "15657", "problem_title": "N\uacfc M (8)", "result": "result-ac", "memory": "21972", "time": "108", "language": "Java", "length": "1109", "date": "2019\ub144 11\uc6d4 15\uc77c 15\uc2dc 10\ubd84 30\ucd08"}, {"submission_id": "16123573", "problem_id": "15657", "problem_title": "N\uacfc M (8)", "result": "result-ac", "memory": "21972", "time": "108", "language": "Java", "length": "1109", "date": "2019\ub144 11\uc6d4 15\uc77c 15\uc2dc 10\ubd84 30\ucd08"}, {"submission_id": "16123573", "problem_id": "15657", "problem_title": "N\uacfc M (8)", "result": "result-ac", "memory": "21972", "time": "108", "language": "Java", "length": "1109", "date": "2019\ub144 11\uc6d4 15\uc77c 15\uc2dc 10\ubd84 30\ucd08"}, {"submission_id": "16123573", "problem_id": "15657", "problem_title": "N\uacfc M (8)", "result": "result-ac", "memory": "21972", "time": "108", "language": "Java", "length": "1109", "date": "2019\ub144 11\uc6d4 15\uc77c 15\uc2dc 10\ubd84 30\ucd08"}, {"submission_id": "16123573", "problem_id": "15657", "problem_title": "N\uacfc M (8)", "result": "result-ac", "memory": "21972", "time": "108", "language": "Java", "length": "1109", "date": "2019\ub144 11\uc6d4 15\uc77c 15\uc2dc 10\ubd84 30\ucd08"}, {"submission_id": "16123573", "problem_id": "15657", "problem_title": "N\uacfc M (8)", "result": "result-ac", "memory": "21972", "time": "108", "language": "Java", "length": "1109", "date": "2019\ub144 11\uc6d4 15\uc77c 15\uc2dc 10\ubd84 30\ucd08"}, {"submission_id": "16123573", "problem_id": "15657", "problem_title": "N\uacfc M (8)", "result": "result-ac", "memory": "21972", "time": "108", "language": "Java", "length": "1109", "date": "2019\ub144 11\uc6d4 15\uc77c 15\uc2dc 10\ubd84 30\ucd08"}, {"submission_id": "16123573", "problem_id": "15657", "problem_title": "N\uacfc M (8)", "result": "result-ac", "memory": "21972", "time": "108", "language": "Java", "length": "1109", "date": "2019\ub144 11\uc6d4 15\uc77c 15\uc2dc 10\ubd84 30\ucd08"}, {"submission_id": "16123573", "problem_id": "15657", "problem_title": "N\uacfc M (8)", "result": "result-ac", "memory": "21972", "time": "108", "language": "Java", "length": "1109", "date": "2019\ub144 11\uc6d4 15\uc77c 15\uc2dc 10\ubd84 30\ucd08"}, {"submission_id": "16123573", "problem_id": "15657", "problem_title": "N\uacfc M (8)", "result": "result-ac", "memory": "21972", "time": "108", "language": "Java", "length": "1109", "date": "2019\ub144 11\uc6d4 15\uc77c 15\uc2dc 10\ubd84 30\ucd08"}, {"submission_id": "16123573", "problem_id": "15657", "problem_title": "N\uacfc M (8)", "result": "result-ac", "memory": "21972", "time": "108", "language": "Java", "length": "1109", "date": "2019\ub144 11\uc6d4 15\uc77c 15\uc2dc 10\ubd84 30\ucd08"}, {"submission_id": "16123573", "problem_id": "15657", "problem_title": "N\uacfc M (8)", "result": "result-ac", "memory": "21972", "time": "108", "language": "Java", "length": "1109", "date": "2019\ub144 11\uc6d4 15\uc77c 15\uc2dc 10\ubd84 30\ucd08"}, {"submission_id": "16123573", "problem_id": "15657", "problem_title": "N\uacfc M (8)", "result": "result-ac", "memory": "21972", "time": "108", "language": "Java", "length": "1109", "date": "2019\ub144 11\uc6d4 15\uc77c 15\uc2dc 10\ubd84 30\ucd08"}, {"submission_id": "16123573", "problem_id": "15657", "problem_title": "N\uacfc M (8)", "result": "result-ac", "memory": "21972", "time": "108", "language": "Java", "length": "1109", "date": "2019\ub144 11\uc6d4 15\uc77c 15\uc2dc 10\ubd84 30\ucd08"}, {"submission_id": "16123573", "problem_id": "15657", "problem_title": "N\uacfc M (8)", "result": "result-ac", "memory": "21972", "time": "108", "language": "Java", "length": "1109", "date": "2019\ub144 11\uc6d4 15\uc77c 15\uc2dc 10\ubd84 30\ucd08"}, {"submission_id": "16123573", "problem_id": "15657", "problem_title": "N\uacfc M (8)", "result": "result-ac", "memory": "21972", "time": "108", "language": "Java", "length": "1109", "date": "2019\ub144 11\uc6d4 15\uc77c 15\uc2dc 10\ubd84 30\ucd08"}, {"submission_id": "16123573", "problem_id": "15657", "problem_title": "N\uacfc M (8)", "result": "result-ac", "memory": "21972", "time": "108", "language": "Java", "length": "1109", "date": "2019\ub144 11\uc6d4 15\uc77c 15\uc2dc 10\ubd84 30\ucd08"}, {"submission_id": "16123573", "problem_id": "15657", "problem_title": "N\uacfc M (8)", "result": "result-ac", "memory": "21972", "time": "108", "language": "Java", "length": "1109", "date": "2019\ub144 11\uc6d4 15\uc77c 15\uc2dc 10\ubd84 30\ucd08"}, {"submission_id": "16123573", "problem_id": "15657", "problem_title": "N\uacfc M (8)", "result": "result-ac", "memory": "21972", "time": "108", "language": "Java", "length": "1109", "date": "2019\ub144 11\uc6d4 15\uc77c 15\uc2dc 10\ubd84 30\ucd08"}, {"submission_id": "16123573", "problem_id": "15657", "problem_title": "N\uacfc M (8)", "result": "result-ac", "memory": "21972", "time": "108", "language": "Java", "length": "1109", "date": "2019\ub144 11\uc6d4 15\uc77c 15\uc2dc 10\ubd84 30\ucd08"}, {"submission_id": "16087829", "problem_id": "17836", "problem_title": "\uacf5\uc8fc\ub2d8\uc744 \uad6c\ud574\ub77c!", "result": "result-ac", "memory": "14800", "time": "120", "language": "Java", "length": "2716", "date": "2019\ub144 11\uc6d4 13\uc77c 10\uc2dc 14\ubd84 23\ucd08"}, {"submission_id": "16087829", "problem_id": "17836", "problem_title": "\uacf5\uc8fc\ub2d8\uc744 \uad6c\ud574\ub77c!", "result": "result-ac", "memory": "14800", "time": "120", "language": "Java", "length": "2716", "date": "2019\ub144 11\uc6d4 13\uc77c 10\uc2dc 14\ubd84 23\ucd08"}, {"submission_id": "16087829", "problem_id": "17836", "problem_title": "\uacf5\uc8fc\ub2d8\uc744 \uad6c\ud574\ub77c!", "result": "result-ac", "memory": "14800", "time": "120", "language": "Java", "length": "2716", "date": "2019\ub144 11\uc6d4 13\uc77c 10\uc2dc 14\ubd84 23\ucd08"}, {"submission_id": "16087829", "problem_id": "17836", "problem_title": "\uacf5\uc8fc\ub2d8\uc744 \uad6c\ud574\ub77c!", "result": "result-ac", "memory": "14800", "time": "120", "language": "Java", "length": "2716", "date": "2019\ub144 11\uc6d4 13\uc77c 10\uc2dc 14\ubd84 23\ucd08"}, {"submission_id": "16087829", "problem_id": "17836", "problem_title": "\uacf5\uc8fc\ub2d8\uc744 \uad6c\ud574\ub77c!", "result": "result-ac", "memory": "14800", "time": "120", "language": "Java", "length": "2716", "date": "2019\ub144 11\uc6d4 13\uc77c 10\uc2dc 14\ubd84 23\ucd08"}, {"submission_id": "16087829", "problem_id": "17836", "problem_title": "\uacf5\uc8fc\ub2d8\uc744 \uad6c\ud574\ub77c!", "result": "result-ac", "memory": "14800", "time": "120", "language": "Java", "length": "2716", "date": "2019\ub144 11\uc6d4 13\uc77c 10\uc2dc 14\ubd84 23\ucd08"}, {"submission_id": "16087829", "problem_id": "17836", "problem_title": "\uacf5\uc8fc\ub2d8\uc744 \uad6c\ud574\ub77c!", "result": "result-ac", "memory": "14800", "time": "120", "language": "Java", "length": "2716", "date": "2019\ub144 11\uc6d4 13\uc77c 10\uc2dc 14\ubd84 23\ucd08"}, {"submission_id": "16087829", "problem_id": "17836", "problem_title": "\uacf5\uc8fc\ub2d8\uc744 \uad6c\ud574\ub77c!", "result": "result-ac", "memory": "14800", "time": "120", "language": "Java", "length": "2716", "date": "2019\ub144 11\uc6d4 13\uc77c 10\uc2dc 14\ubd84 23\ucd08"}, {"submission_id": "16087829", "problem_id": "17836", "problem_title": "\uacf5\uc8fc\ub2d8\uc744 \uad6c\ud574\ub77c!", "result": "result-ac", "memory": "14800", "time": "120", "language": "Java", "length": "2716", "date": "2019\ub144 11\uc6d4 13\uc77c 10\uc2dc 14\ubd84 23\ucd08"}, {"submission_id": "16087829", "problem_id": "17836", "problem_title": "\uacf5\uc8fc\ub2d8\uc744 \uad6c\ud574\ub77c!", "result": "result-ac", "memory": "14800", "time": "120", "language": "Java", "length": "2716", "date": "2019\ub144 11\uc6d4 13\uc77c 10\uc2dc 14\ubd84 23\ucd08"}, {"submission_id": "16087829", "problem_id": "17836", "problem_title": "\uacf5\uc8fc\ub2d8\uc744 \uad6c\ud574\ub77c!", "result": "result-ac", "memory": "14800", "time": "120", "language": "Java", "length": "2716", "date": "2019\ub144 11\uc6d4 13\uc77c 10\uc2dc 14\ubd84 23\ucd08"}, {"submission_id": "16087829", "problem_id": "17836", "problem_title": "\uacf5\uc8fc\ub2d8\uc744 \uad6c\ud574\ub77c!", "result": "result-ac", "memory": "14800", "time": "120", "language": "Java", "length": "2716", "date": "2019\ub144 11\uc6d4 13\uc77c 10\uc2dc 14\ubd84 23\ucd08"}, {"submission_id": "16087829", "problem_id": "17836", "problem_title": "\uacf5\uc8fc\ub2d8\uc744 \uad6c\ud574\ub77c!", "result": "result-ac", "memory": "14800", "time": "120", "language": "Java", "length": "2716", "date": "2019\ub144 11\uc6d4 13\uc77c 10\uc2dc 14\ubd84 23\ucd08"}, {"submission_id": "16087829", "problem_id": "17836", "problem_title": "\uacf5\uc8fc\ub2d8\uc744 \uad6c\ud574\ub77c!", "result": "result-ac", "memory": "14800", "time": "120", "language": "Java", "length": "2716", "date": "2019\ub144 11\uc6d4 13\uc77c 10\uc2dc 14\ubd84 23\ucd08"}, {"submission_id": "16087829", "problem_id": "17836", "problem_title": "\uacf5\uc8fc\ub2d8\uc744 \uad6c\ud574\ub77c!", "result": "result-ac", "memory": "14800", "time": "120", "language": "Java", "length": "2716", "date": "2019\ub144 11\uc6d4 13\uc77c 10\uc2dc 14\ubd84 23\ucd08"}, {"submission_id": "16087829", "problem_id": "17836", "problem_title": "\uacf5\uc8fc\ub2d8\uc744 \uad6c\ud574\ub77c!", "result": "result-ac", "memory": "14800", "time": "120", "language": "Java", "length": "2716", "date": "2019\ub144 11\uc6d4 13\uc77c 10\uc2dc 14\ubd84 23\ucd08"}, {"submission_id": "16087829", "problem_id": "17836", "problem_title": "\uacf5\uc8fc\ub2d8\uc744 \uad6c\ud574\ub77c!", "result": "result-ac", "memory": "14800", "time": "120", "language": "Java", "length": "2716", "date": "2019\ub144 11\uc6d4 13\uc77c 10\uc2dc 14\ubd84 23\ucd08"}, {"submission_id": "16087829", "problem_id": "17836", "problem_title": "\uacf5\uc8fc\ub2d8\uc744 \uad6c\ud574\ub77c!", "result": "result-ac", "memory": "14800", "time": "120", "language": "Java", "length": "2716", "date": "2019\ub144 11\uc6d4 13\uc77c 10\uc2dc 14\ubd84 23\ucd08"}, {"submission_id": "16087829", "problem_id": "17836", "problem_title": "\uacf5\uc8fc\ub2d8\uc744 \uad6c\ud574\ub77c!", "result": "result-ac", "memory": "14800", "time": "120", "language": "Java", "length": "2716", "date": "2019\ub144 11\uc6d4 13\uc77c 10\uc2dc 14\ubd84 23\ucd08"}, {"submission_id": "16087829", "problem_id": "17836", "problem_title": "\uacf5\uc8fc\ub2d8\uc744 \uad6c\ud574\ub77c!", "result": "result-ac", "memory": "14800", "time": "120", "language": "Java", "length": "2716", "date": "2019\ub144 11\uc6d4 13\uc77c 10\uc2dc 14\ubd84 23\ucd08"}, {"submission_id": "15981230", "problem_id": "1436", "problem_title": "\uc601\ud654\uac10\ub3c5 \uc20c", "result": "result-ac", "memory": "160088", "time": "352", "language": "Java", "length": "509", "date": "2019\ub144 11\uc6d4 5\uc77c 19\uc2dc 27\ubd84 47\ucd08"}, {"submission_id": "15981230", "problem_id": "1436", "problem_title": "\uc601\ud654\uac10\ub3c5 \uc20c", "result": "result-ac", "memory": "160088", "time": "352", "language": "Java", "length": "509", "date": "2019\ub144 11\uc6d4 5\uc77c 19\uc2dc 27\ubd84 47\ucd08"}, {"submission_id": "15981230", "problem_id": "1436", "problem_title": "\uc601\ud654\uac10\ub3c5 \uc20c", "result": "result-ac", "memory": "160088", "time": "352", "language": "Java", "length": "509", "date": "2019\ub144 11\uc6d4 5\uc77c 19\uc2dc 27\ubd84 47\ucd08"}, {"submission_id": "15981230", "problem_id": "1436", "problem_title": "\uc601\ud654\uac10\ub3c5 \uc20c", "result": "result-ac", "memory": "160088", "time": "352", "language": "Java", "length": "509", "date": "2019\ub144 11\uc6d4 5\uc77c 19\uc2dc 27\ubd84 47\ucd08"}, {"submission_id": "15981230", "problem_id": "1436", "problem_title": "\uc601\ud654\uac10\ub3c5 \uc20c", "result": "result-ac", "memory": "160088", "time": "352", "language": "Java", "length": "509", "date": "2019\ub144 11\uc6d4 5\uc77c 19\uc2dc 27\ubd84 47\ucd08"}, {"submission_id": "15981230", "problem_id": "1436", "problem_title": "\uc601\ud654\uac10\ub3c5 \uc20c", "result": "result-ac", "memory": "160088", "time": "352", "language": "Java", "length": "509", "date": "2019\ub144 11\uc6d4 5\uc77c 19\uc2dc 27\ubd84 47\ucd08"}, {"submission_id": "15981230", "problem_id": "1436", "problem_title": "\uc601\ud654\uac10\ub3c5 \uc20c", "result": "result-ac", "memory": "160088", "time": "352", "language": "Java", "length": "509", "date": "2019\ub144 11\uc6d4 5\uc77c 19\uc2dc 27\ubd84 47\ucd08"}, {"submission_id": "15981230", "problem_id": "1436", "problem_title": "\uc601\ud654\uac10\ub3c5 \uc20c", "result": "result-ac", "memory": "160088", "time": "352", "language": "Java", "length": "509", "date": "2019\ub144 11\uc6d4 5\uc77c 19\uc2dc 27\ubd84 47\ucd08"}, {"submission_id": "15981230", "problem_id": "1436", "problem_title": "\uc601\ud654\uac10\ub3c5 \uc20c", "result": "result-ac", "memory": "160088", "time": "352", "language": "Java", "length": "509", "date": "2019\ub144 11\uc6d4 5\uc77c 19\uc2dc 27\ubd84 47\ucd08"}, {"submission_id": "15981230", "problem_id": "1436", "problem_title": "\uc601\ud654\uac10\ub3c5 \uc20c", "result": "result-ac", "memory": "160088", "time": "352", "language": "Java", "length": "509", "date": "2019\ub144 11\uc6d4 5\uc77c 19\uc2dc 27\ubd84 47\ucd08"}, {"submission_id": "15981230", "problem_id": "1436", "problem_title": "\uc601\ud654\uac10\ub3c5 \uc20c", "result": "result-ac", "memory": "160088", "time": "352", "language": "Java", "length": "509", "date": "2019\ub144 11\uc6d4 5\uc77c 19\uc2dc 27\ubd84 47\ucd08"}, {"submission_id": "15981230", "problem_id": "1436", "problem_title": "\uc601\ud654\uac10\ub3c5 \uc20c", "result": "result-ac", "memory": "160088", "time": "352", "language": "Java", "length": "509", "date": "2019\ub144 11\uc6d4 5\uc77c 19\uc2dc 27\ubd84 47\ucd08"}, {"submission_id": "15981230", "problem_id": "1436", "problem_title": "\uc601\ud654\uac10\ub3c5 \uc20c", "result": "result-ac", "memory": "160088", "time": "352", "language": "Java", "length": "509", "date": "2019\ub144 11\uc6d4 5\uc77c 19\uc2dc 27\ubd84 47\ucd08"}, {"submission_id": "15981230", "problem_id": "1436", "problem_title": "\uc601\ud654\uac10\ub3c5 \uc20c", "result": "result-ac", "memory": "160088", "time": "352", "language": "Java", "length": "509", "date": "2019\ub144 11\uc6d4 5\uc77c 19\uc2dc 27\ubd84 47\ucd08"}, {"submission_id": "15981230", "problem_id": "1436", "problem_title": "\uc601\ud654\uac10\ub3c5 \uc20c", "result": "result-ac", "memory": "160088", "time": "352", "language": "Java", "length": "509", "date": "2019\ub144 11\uc6d4 5\uc77c 19\uc2dc 27\ubd84 47\ucd08"}, {"submission_id": "15981230", "problem_id": "1436", "problem_title": "\uc601\ud654\uac10\ub3c5 \uc20c", "result": "result-ac", "memory": "160088", "time": "352", "language": "Java", "length": "509", "date": "2019\ub144 11\uc6d4 5\uc77c 19\uc2dc 27\ubd84 47\ucd08"}, {"submission_id": "15981230", "problem_id": "1436", "problem_title": "\uc601\ud654\uac10\ub3c5 \uc20c", "result": "result-ac", "memory": "160088", "time": "352", "language": "Java", "length": "509", "date": "2019\ub144 11\uc6d4 5\uc77c 19\uc2dc 27\ubd84 47\ucd08"}, {"submission_id": "15981230", "problem_id": "1436", "problem_title": "\uc601\ud654\uac10\ub3c5 \uc20c", "result": "result-ac", "memory": "160088", "time": "352", "language": "Java", "length": "509", "date": "2019\ub144 11\uc6d4 5\uc77c 19\uc2dc 27\ubd84 47\ucd08"}, {"submission_id": "15981230", "problem_id": "1436", "problem_title": "\uc601\ud654\uac10\ub3c5 \uc20c", "result": "result-ac", "memory": "160088", "time": "352", "language": "Java", "length": "509", "date": "2019\ub144 11\uc6d4 5\uc77c 19\uc2dc 27\ubd84 47\ucd08"}, {"submission_id": "15981230", "problem_id": "1436", "problem_title": "\uc601\ud654\uac10\ub3c5 \uc20c", "result": "result-ac", "memory": "160088", "time": "352", "language": "Java", "length": "509", "date": "2019\ub144 11\uc6d4 5\uc77c 19\uc2dc 27\ubd84 47\ucd08"}, {"submission_id": "15814113", "problem_id": "10026", "problem_title": "\uc801\ub85d\uc0c9\uc57d", "result": "result-ac", "memory": "14124", "time": "92", "language": "Java", "length": "2189", "date": "2019\ub144 10\uc6d4 23\uc77c 18\uc2dc 31\ubd84 40\ucd08"}, {"submission_id": "15814113", "problem_id": "10026", "problem_title": "\uc801\ub85d\uc0c9\uc57d", "result": "result-ac", "memory": "14124", "time": "92", "language": "Java", "length": "2189", "date": "2019\ub144 10\uc6d4 23\uc77c 18\uc2dc 31\ubd84 40\ucd08"}, {"submission_id": "15814113", "problem_id": "10026", "problem_title": "\uc801\ub85d\uc0c9\uc57d", "result": "result-ac", "memory": "14124", "time": "92", "language": "Java", "length": "2189", "date": "2019\ub144 10\uc6d4 23\uc77c 18\uc2dc 31\ubd84 40\ucd08"}, {"submission_id": "15814113", "problem_id": "10026", "problem_title": "\uc801\ub85d\uc0c9\uc57d", "result": "result-ac", "memory": "14124", "time": "92", "language": "Java", "length": "2189", "date": "2019\ub144 10\uc6d4 23\uc77c 18\uc2dc 31\ubd84 40\ucd08"}, {"submission_id": "15814113", "problem_id": "10026", "problem_title": "\uc801\ub85d\uc0c9\uc57d", "result": "result-ac", "memory": "14124", "time": "92", "language": "Java", "length": "2189", "date": "2019\ub144 10\uc6d4 23\uc77c 18\uc2dc 31\ubd84 40\ucd08"}, {"submission_id": "15814113", "problem_id": "10026", "problem_title": "\uc801\ub85d\uc0c9\uc57d", "result": "result-ac", "memory": "14124", "time": "92", "language": "Java", "length": "2189", "date": "2019\ub144 10\uc6d4 23\uc77c 18\uc2dc 31\ubd84 40\ucd08"}, {"submission_id": "15814113", "problem_id": "10026", "problem_title": "\uc801\ub85d\uc0c9\uc57d", "result": "result-ac", "memory": "14124", "time": "92", "language": "Java", "length": "2189", "date": "2019\ub144 10\uc6d4 23\uc77c 18\uc2dc 31\ubd84 40\ucd08"}, {"submission_id": "15814113", "problem_id": "10026", "problem_title": "\uc801\ub85d\uc0c9\uc57d", "result": "result-ac", "memory": "14124", "time": "92", "language": "Java", "length": "2189", "date": "2019\ub144 10\uc6d4 23\uc77c 18\uc2dc 31\ubd84 40\ucd08"}, {"submission_id": "15814113", "problem_id": "10026", "problem_title": "\uc801\ub85d\uc0c9\uc57d", "result": "result-ac", "memory": "14124", "time": "92", "language": "Java", "length": "2189", "date": "2019\ub144 10\uc6d4 23\uc77c 18\uc2dc 31\ubd84 40\ucd08"}, {"submission_id": "15814113", "problem_id": "10026", "problem_title": "\uc801\ub85d\uc0c9\uc57d", "result": "result-ac", "memory": "14124", "time": "92", "language": "Java", "length": "2189", "date": "2019\ub144 10\uc6d4 23\uc77c 18\uc2dc 31\ubd84 40\ucd08"}, {"submission_id": "15814113", "problem_id": "10026", "problem_title": "\uc801\ub85d\uc0c9\uc57d", "result": "result-ac", "memory": "14124", "time": "92", "language": "Java", "length": "2189", "date": "2019\ub144 10\uc6d4 23\uc77c 18\uc2dc 31\ubd84 40\ucd08"}, {"submission_id": "15814113", "problem_id": "10026", "problem_title": "\uc801\ub85d\uc0c9\uc57d", "result": "result-ac", "memory": "14124", "time": "92", "language": "Java", "length": "2189", "date": "2019\ub144 10\uc6d4 23\uc77c 18\uc2dc 31\ubd84 40\ucd08"}, {"submission_id": "15814113", "problem_id": "10026", "problem_title": "\uc801\ub85d\uc0c9\uc57d", "result": "result-ac", "memory": "14124", "time": "92", "language": "Java", "length": "2189", "date": "2019\ub144 10\uc6d4 23\uc77c 18\uc2dc 31\ubd84 40\ucd08"}, {"submission_id": "15814113", "problem_id": "10026", "problem_title": "\uc801\ub85d\uc0c9\uc57d", "result": "result-ac", "memory": "14124", "time": "92", "language": "Java", "length": "2189", "date": "2019\ub144 10\uc6d4 23\uc77c 18\uc2dc 31\ubd84 40\ucd08"}, {"submission_id": "15814113", "problem_id": "10026", "problem_title": "\uc801\ub85d\uc0c9\uc57d", "result": "result-ac", "memory": "14124", "time": "92", "language": "Java", "length": "2189", "date": "2019\ub144 10\uc6d4 23\uc77c 18\uc2dc 31\ubd84 40\ucd08"}, {"submission_id": "15814113", "problem_id": "10026", "problem_title": "\uc801\ub85d\uc0c9\uc57d", "result": "result-ac", "memory": "14124", "time": "92", "language": "Java", "length": "2189", "date": "2019\ub144 10\uc6d4 23\uc77c 18\uc2dc 31\ubd84 40\ucd08"}, {"submission_id": "15814113", "problem_id": "10026", "problem_title": "\uc801\ub85d\uc0c9\uc57d", "result": "result-ac", "memory": "14124", "time": "92", "language": "Java", "length": "2189", "date": "2019\ub144 10\uc6d4 23\uc77c 18\uc2dc 31\ubd84 40\ucd08"}, {"submission_id": "15814113", "problem_id": "10026", "problem_title": "\uc801\ub85d\uc0c9\uc57d", "result": "result-ac", "memory": "14124", "time": "92", "language": "Java", "length": "2189", "date": "2019\ub144 10\uc6d4 23\uc77c 18\uc2dc 31\ubd84 40\ucd08"}, {"submission_id": "15814113", "problem_id": "10026", "problem_title": "\uc801\ub85d\uc0c9\uc57d", "result": "result-ac", "memory": "14124", "time": "92", "language": "Java", "length": "2189", "date": "2019\ub144 10\uc6d4 23\uc77c 18\uc2dc 31\ubd84 40\ucd08"}, {"submission_id": "15814113", "problem_id": "10026", "problem_title": "\uc801\ub85d\uc0c9\uc57d", "result": "result-ac", "memory": "14124", "time": "92", "language": "Java", "length": "2189", "date": "2019\ub144 10\uc6d4 23\uc77c 18\uc2dc 31\ubd84 40\ucd08"}, {"submission_id": "15784670", "problem_id": "11724", "problem_title": "\uc5f0\uacb0 \uc694\uc18c\uc758 \uac1c\uc218", "result": "result-wa", "memory": "", "time": "", "language": "Java", "length": "1132", "date": "2019\ub144 10\uc6d4 21\uc77c 14\uc2dc 54\ubd84 27\ucd08"}, {"submission_id": "15784670", "problem_id": "11724", "problem_title": "\uc5f0\uacb0 \uc694\uc18c\uc758 \uac1c\uc218", "result": "result-wa", "memory": "", "time": "", "language": "Java", "length": "1132", "date": "2019\ub144 10\uc6d4 21\uc77c 14\uc2dc 54\ubd84 27\ucd08"}, {"submission_id": "15784670", "problem_id": "11724", "problem_title": "\uc5f0\uacb0 \uc694\uc18c\uc758 \uac1c\uc218", "result": "result-wa", "memory": "", "time": "", "language": "Java", "length": "1132", "date": "2019\ub144 10\uc6d4 21\uc77c 14\uc2dc 54\ubd84 27\ucd08"}, {"submission_id": "15784670", "problem_id": "11724", "problem_title": "\uc5f0\uacb0 \uc694\uc18c\uc758 \uac1c\uc218", "result": "result-wa", "memory": "", "time": "", "language": "Java", "length": "1132", "date": "2019\ub144 10\uc6d4 21\uc77c 14\uc2dc 54\ubd84 27\ucd08"}, {"submission_id": "15784670", "problem_id": "11724", "problem_title": "\uc5f0\uacb0 \uc694\uc18c\uc758 \uac1c\uc218", "result": "result-wa", "memory": "", "time": "", "language": "Java", "length": "1132", "date": "2019\ub144 10\uc6d4 21\uc77c 14\uc2dc 54\ubd84 27\ucd08"}, {"submission_id": "15784670", "problem_id": "11724", "problem_title": "\uc5f0\uacb0 \uc694\uc18c\uc758 \uac1c\uc218", "result": "result-wa", "memory": "", "time": "", "language": "Java", "length": "1132", "date": "2019\ub144 10\uc6d4 21\uc77c 14\uc2dc 54\ubd84 27\ucd08"}, {"submission_id": "15784670", "problem_id": "11724", "problem_title": "\uc5f0\uacb0 \uc694\uc18c\uc758 \uac1c\uc218", "result": "result-wa", "memory": "", "time": "", "language": "Java", "length": "1132", "date": "2019\ub144 10\uc6d4 21\uc77c 14\uc2dc 54\ubd84 27\ucd08"}, {"submission_id": "15784670", "problem_id": "11724", "problem_title": "\uc5f0\uacb0 \uc694\uc18c\uc758 \uac1c\uc218", "result": "result-wa", "memory": "", "time": "", "language": "Java", "length": "1132", "date": "2019\ub144 10\uc6d4 21\uc77c 14\uc2dc 54\ubd84 27\ucd08"}, {"submission_id": "15784670", "problem_id": "11724", "problem_title": "\uc5f0\uacb0 \uc694\uc18c\uc758 \uac1c\uc218", "result": "result-wa", "memory": "", "time": "", "language": "Java", "length": "1132", "date": "2019\ub144 10\uc6d4 21\uc77c 14\uc2dc 54\ubd84 27\ucd08"}, {"submission_id": "15784670", "problem_id": "11724", "problem_title": "\uc5f0\uacb0 \uc694\uc18c\uc758 \uac1c\uc218", "result": "result-wa", "memory": "", "time": "", "language": "Java", "length": "1132", "date": "2019\ub144 10\uc6d4 21\uc77c 14\uc2dc 54\ubd84 27\ucd08"}, {"submission_id": "15784670", "problem_id": "11724", "problem_title": "\uc5f0\uacb0 \uc694\uc18c\uc758 \uac1c\uc218", "result": "result-wa", "memory": "", "time": "", "language": "Java", "length": "1132", "date": "2019\ub144 10\uc6d4 21\uc77c 14\uc2dc 54\ubd84 27\ucd08"}, {"submission_id": "15784670", "problem_id": "11724", "problem_title": "\uc5f0\uacb0 \uc694\uc18c\uc758 \uac1c\uc218", "result": "result-wa", "memory": "", "time": "", "language": "Java", "length": "1132", "date": "2019\ub144 10\uc6d4 21\uc77c 14\uc2dc 54\ubd84 27\ucd08"}, {"submission_id": "15784670", "problem_id": "11724", "problem_title": "\uc5f0\uacb0 \uc694\uc18c\uc758 \uac1c\uc218", "result": "result-wa", "memory": "", "time": "", "language": "Java", "length": "1132", "date": "2019\ub144 10\uc6d4 21\uc77c 14\uc2dc 54\ubd84 27\ucd08"}, {"submission_id": "15784670", "problem_id": "11724", "problem_title": "\uc5f0\uacb0 \uc694\uc18c\uc758 \uac1c\uc218", "result": "result-wa", "memory": "", "time": "", "language": "Java", "length": "1132", "date": "2019\ub144 10\uc6d4 21\uc77c 14\uc2dc 54\ubd84 27\ucd08"}, {"submission_id": "15784670", "problem_id": "11724", "problem_title": "\uc5f0\uacb0 \uc694\uc18c\uc758 \uac1c\uc218", "result": "result-wa", "memory": "", "time": "", "language": "Java", "length": "1132", "date": "2019\ub144 10\uc6d4 21\uc77c 14\uc2dc 54\ubd84 27\ucd08"}, {"submission_id": "15784670", "problem_id": "11724", "problem_title": "\uc5f0\uacb0 \uc694\uc18c\uc758 \uac1c\uc218", "result": "result-wa", "memory": "", "time": "", "language": "Java", "length": "1132", "date": "2019\ub144 10\uc6d4 21\uc77c 14\uc2dc 54\ubd84 27\ucd08"}, {"submission_id": "15784670", "problem_id": "11724", "problem_title": "\uc5f0\uacb0 \uc694\uc18c\uc758 \uac1c\uc218", "result": "result-wa", "memory": "", "time": "", "language": "Java", "length": "1132", "date": "2019\ub144 10\uc6d4 21\uc77c 14\uc2dc 54\ubd84 27\ucd08"}, {"submission_id": "15784670", "problem_id": "11724", "problem_title": "\uc5f0\uacb0 \uc694\uc18c\uc758 \uac1c\uc218", "result": "result-wa", "memory": "", "time": "", "language": "Java", "length": "1132", "date": "2019\ub144 10\uc6d4 21\uc77c 14\uc2dc 54\ubd84 27\ucd08"}, {"submission_id": "15784670", "problem_id": "11724", "problem_title": "\uc5f0\uacb0 \uc694\uc18c\uc758 \uac1c\uc218", "result": "result-wa", "memory": "", "time": "", "language": "Java", "length": "1132", "date": "2019\ub144 10\uc6d4 21\uc77c 14\uc2dc 54\ubd84 27\ucd08"}, {"submission_id": "15784670", "problem_id": "11724", "problem_title": "\uc5f0\uacb0 \uc694\uc18c\uc758 \uac1c\uc218", "result": "result-wa", "memory": "", "time": "", "language": "Java", "length": "1132", "date": "2019\ub144 10\uc6d4 21\uc77c 14\uc2dc 54\ubd84 27\ucd08"}, {"submission_id": "15660618", "problem_id": "1062", "problem_title": "\uac00\ub974\uce68", "result": "result-tle", "memory": "", "time": "", "language": "Java", "length": "2206", "date": "2019\ub144 10\uc6d4 14\uc77c 15\uc2dc 40\ubd84 12\ucd08"}, {"submission_id": "15660618", "problem_id": "1062", "problem_title": "\uac00\ub974\uce68", "result": "result-tle", "memory": "", "time": "", "language": "Java", "length": "2206", "date": "2019\ub144 10\uc6d4 14\uc77c 15\uc2dc 40\ubd84 12\ucd08"}, {"submission_id": "15660618", "problem_id": "1062", "problem_title": "\uac00\ub974\uce68", "result": "result-tle", "memory": "", "time": "", "language": "Java", "length": "2206", "date": "2019\ub144 10\uc6d4 14\uc77c 15\uc2dc 40\ubd84 12\ucd08"}, {"submission_id": "15660618", "problem_id": "1062", "problem_title": "\uac00\ub974\uce68", "result": "result-tle", "memory": "", "time": "", "language": "Java", "length": "2206", "date": "2019\ub144 10\uc6d4 14\uc77c 15\uc2dc 40\ubd84 12\ucd08"}, {"submission_id": "15660618", "problem_id": "1062", "problem_title": "\uac00\ub974\uce68", "result": "result-tle", "memory": "", "time": "", "language": "Java", "length": "2206", "date": "2019\ub144 10\uc6d4 14\uc77c 15\uc2dc 40\ubd84 12\ucd08"}, {"submission_id": "15660618", "problem_id": "1062", "problem_title": "\uac00\ub974\uce68", "result": "result-tle", "memory": "", "time": "", "language": "Java", "length": "2206", "date": "2019\ub144 10\uc6d4 14\uc77c 15\uc2dc 40\ubd84 12\ucd08"}, {"submission_id": "15660618", "problem_id": "1062", "problem_title": "\uac00\ub974\uce68", "result": "result-tle", "memory": "", "time": "", "language": "Java", "length": "2206", "date": "2019\ub144 10\uc6d4 14\uc77c 15\uc2dc 40\ubd84 12\ucd08"}, {"submission_id": "15660618", "problem_id": "1062", "problem_title": "\uac00\ub974\uce68", "result": "result-tle", "memory": "", "time": "", "language": "Java", "length": "2206", "date": "2019\ub144 10\uc6d4 14\uc77c 15\uc2dc 40\ubd84 12\ucd08"}, {"submission_id": "15660618", "problem_id": "1062", "problem_title": "\uac00\ub974\uce68", "result": "result-tle", "memory": "", "time": "", "language": "Java", "length": "2206", "date": "2019\ub144 10\uc6d4 14\uc77c 15\uc2dc 40\ubd84 12\ucd08"}, {"submission_id": "15660618", "problem_id": "1062", "problem_title": "\uac00\ub974\uce68", "result": "result-tle", "memory": "", "time": "", "language": "Java", "length": "2206", "date": "2019\ub144 10\uc6d4 14\uc77c 15\uc2dc 40\ubd84 12\ucd08"}, {"submission_id": "15660618", "problem_id": "1062", "problem_title": "\uac00\ub974\uce68", "result": "result-tle", "memory": "", "time": "", "language": "Java", "length": "2206", "date": "2019\ub144 10\uc6d4 14\uc77c 15\uc2dc 40\ubd84 12\ucd08"}, {"submission_id": "15660618", "problem_id": "1062", "problem_title": "\uac00\ub974\uce68", "result": "result-tle", "memory": "", "time": "", "language": "Java", "length": "2206", "date": "2019\ub144 10\uc6d4 14\uc77c 15\uc2dc 40\ubd84 12\ucd08"}, {"submission_id": "15660618", "problem_id": "1062", "problem_title": "\uac00\ub974\uce68", "result": "result-tle", "memory": "", "time": "", "language": "Java", "length": "2206", "date": "2019\ub144 10\uc6d4 14\uc77c 15\uc2dc 40\ubd84 12\ucd08"}, {"submission_id": "15660618", "problem_id": "1062", "problem_title": "\uac00\ub974\uce68", "result": "result-tle", "memory": "", "time": "", "language": "Java", "length": "2206", "date": "2019\ub144 10\uc6d4 14\uc77c 15\uc2dc 40\ubd84 12\ucd08"}, {"submission_id": "15660618", "problem_id": "1062", "problem_title": "\uac00\ub974\uce68", "result": "result-tle", "memory": "", "time": "", "language": "Java", "length": "2206", "date": "2019\ub144 10\uc6d4 14\uc77c 15\uc2dc 40\ubd84 12\ucd08"}, {"submission_id": "15660618", "problem_id": "1062", "problem_title": "\uac00\ub974\uce68", "result": "result-tle", "memory": "", "time": "", "language": "Java", "length": "2206", "date": "2019\ub144 10\uc6d4 14\uc77c 15\uc2dc 40\ubd84 12\ucd08"}, {"submission_id": "15660618", "problem_id": "1062", "problem_title": "\uac00\ub974\uce68", "result": "result-tle", "memory": "", "time": "", "language": "Java", "length": "2206", "date": "2019\ub144 10\uc6d4 14\uc77c 15\uc2dc 40\ubd84 12\ucd08"}, {"submission_id": "15660618", "problem_id": "1062", "problem_title": "\uac00\ub974\uce68", "result": "result-tle", "memory": "", "time": "", "language": "Java", "length": "2206", "date": "2019\ub144 10\uc6d4 14\uc77c 15\uc2dc 40\ubd84 12\ucd08"}, {"submission_id": "15660618", "problem_id": "1062", "problem_title": "\uac00\ub974\uce68", "result": "result-tle", "memory": "", "time": "", "language": "Java", "length": "2206", "date": "2019\ub144 10\uc6d4 14\uc77c 15\uc2dc 40\ubd84 12\ucd08"}, {"submission_id": "15660618", "problem_id": "1062", "problem_title": "\uac00\ub974\uce68", "result": "result-tle", "memory": "", "time": "", "language": "Java", "length": "2206", "date": "2019\ub144 10\uc6d4 14\uc77c 15\uc2dc 40\ubd84 12\ucd08"}, {"submission_id": "15552639", "problem_id": "2667", "problem_title": "\ub2e8\uc9c0\ubc88\ud638\ubd99\uc774\uae30", "result": "result-wa", "memory": "", "time": "", "language": "Java", "length": "1616", "date": "2019\ub144 10\uc6d4 8\uc77c 0\uc2dc 41\ubd84 36\ucd08"}, {"submission_id": "15552639", "problem_id": "2667", "problem_title": "\ub2e8\uc9c0\ubc88\ud638\ubd99\uc774\uae30", "result": "result-wa", "memory": "", "time": "", "language": "Java", "length": "1616", "date": "2019\ub144 10\uc6d4 8\uc77c 0\uc2dc 41\ubd84 36\ucd08"}, {"submission_id": "15552639", "problem_id": "2667", "problem_title": "\ub2e8\uc9c0\ubc88\ud638\ubd99\uc774\uae30", "result": "result-wa", "memory": "", "time": "", "language": "Java", "length": "1616", "date": "2019\ub144 10\uc6d4 8\uc77c 0\uc2dc 41\ubd84 36\ucd08"}, {"submission_id": "15552639", "problem_id": "2667", "problem_title": "\ub2e8\uc9c0\ubc88\ud638\ubd99\uc774\uae30", "result": "result-wa", "memory": "", "time": "", "language": "Java", "length": "1616", "date": "2019\ub144 10\uc6d4 8\uc77c 0\uc2dc 41\ubd84 36\ucd08"}, {"submission_id": "15552639", "problem_id": "2667", "problem_title": "\ub2e8\uc9c0\ubc88\ud638\ubd99\uc774\uae30", "result": "result-wa", "memory": "", "time": "", "language": "Java", "length": "1616", "date": "2019\ub144 10\uc6d4 8\uc77c 0\uc2dc 41\ubd84 36\ucd08"}, {"submission_id": "15552639", "problem_id": "2667", "problem_title": "\ub2e8\uc9c0\ubc88\ud638\ubd99\uc774\uae30", "result": "result-wa", "memory": "", "time": "", "language": "Java", "length": "1616", "date": "2019\ub144 10\uc6d4 8\uc77c 0\uc2dc 41\ubd84 36\ucd08"}, {"submission_id": "15552639", "problem_id": "2667", "problem_title": "\ub2e8\uc9c0\ubc88\ud638\ubd99\uc774\uae30", "result": "result-wa", "memory": "", "time": "", "language": "Java", "length": "1616", "date": "2019\ub144 10\uc6d4 8\uc77c 0\uc2dc 41\ubd84 36\ucd08"}, {"submission_id": "15552639", "problem_id": "2667", "problem_title": "\ub2e8\uc9c0\ubc88\ud638\ubd99\uc774\uae30", "result": "result-wa", "memory": "", "time": "", "language": "Java", "length": "1616", "date": "2019\ub144 10\uc6d4 8\uc77c 0\uc2dc 41\ubd84 36\ucd08"}, {"submission_id": "15552639", "problem_id": "2667", "problem_title": "\ub2e8\uc9c0\ubc88\ud638\ubd99\uc774\uae30", "result": "result-wa", "memory": "", "time": "", "language": "Java", "length": "1616", "date": "2019\ub144 10\uc6d4 8\uc77c 0\uc2dc 41\ubd84 36\ucd08"}, {"submission_id": "15552639", "problem_id": "2667", "problem_title": "\ub2e8\uc9c0\ubc88\ud638\ubd99\uc774\uae30", "result": "result-wa", "memory": "", "time": "", "language": "Java", "length": "1616", "date": "2019\ub144 10\uc6d4 8\uc77c 0\uc2dc 41\ubd84 36\ucd08"}, {"submission_id": "15552639", "problem_id": "2667", "problem_title": "\ub2e8\uc9c0\ubc88\ud638\ubd99\uc774\uae30", "result": "result-wa", "memory": "", "time": "", "language": "Java", "length": "1616", "date": "2019\ub144 10\uc6d4 8\uc77c 0\uc2dc 41\ubd84 36\ucd08"}, {"submission_id": "15552639", "problem_id": "2667", "problem_title": "\ub2e8\uc9c0\ubc88\ud638\ubd99\uc774\uae30", "result": "result-wa", "memory": "", "time": "", "language": "Java", "length": "1616", "date": "2019\ub144 10\uc6d4 8\uc77c 0\uc2dc 41\ubd84 36\ucd08"}, {"submission_id": "15552639", "problem_id": "2667", "problem_title": "\ub2e8\uc9c0\ubc88\ud638\ubd99\uc774\uae30", "result": "result-wa", "memory": "", "time": "", "language": "Java", "length": "1616", "date": "2019\ub144 10\uc6d4 8\uc77c 0\uc2dc 41\ubd84 36\ucd08"}, {"submission_id": "15552639", "problem_id": "2667", "problem_title": "\ub2e8\uc9c0\ubc88\ud638\ubd99\uc774\uae30", "result": "result-wa", "memory": "", "time": "", "language": "Java", "length": "1616", "date": "2019\ub144 10\uc6d4 8\uc77c 0\uc2dc 41\ubd84 36\ucd08"}, {"submission_id": "15552639", "problem_id": "2667", "problem_title": "\ub2e8\uc9c0\ubc88\ud638\ubd99\uc774\uae30", "result": "result-wa", "memory": "", "time": "", "language": "Java", "length": "1616", "date": "2019\ub144 10\uc6d4 8\uc77c 0\uc2dc 41\ubd84 36\ucd08"}, {"submission_id": "15552639", "problem_id": "2667", "problem_title": "\ub2e8\uc9c0\ubc88\ud638\ubd99\uc774\uae30", "result": "result-wa", "memory": "", "time": "", "language": "Java", "length": "1616", "date": "2019\ub144 10\uc6d4 8\uc77c 0\uc2dc 41\ubd84 36\ucd08"}, {"submission_id": "15552639", "problem_id": "2667", "problem_title": "\ub2e8\uc9c0\ubc88\ud638\ubd99\uc774\uae30", "result": "result-wa", "memory": "", "time": "", "language": "Java", "length": "1616", "date": "2019\ub144 10\uc6d4 8\uc77c 0\uc2dc 41\ubd84 36\ucd08"}, {"submission_id": "15552639", "problem_id": "2667", "problem_title": "\ub2e8\uc9c0\ubc88\ud638\ubd99\uc774\uae30", "result": "result-wa", "memory": "", "time": "", "language": "Java", "length": "1616", "date": "2019\ub144 10\uc6d4 8\uc77c 0\uc2dc 41\ubd84 36\ucd08"}, {"submission_id": "15552639", "problem_id": "2667", "problem_title": "\ub2e8\uc9c0\ubc88\ud638\ubd99\uc774\uae30", "result": "result-wa", "memory": "", "time": "", "language": "Java", "length": "1616", "date": "2019\ub144 10\uc6d4 8\uc77c 0\uc2dc 41\ubd84 36\ucd08"}, {"submission_id": "15552639", "problem_id": "2667", "problem_title": "\ub2e8\uc9c0\ubc88\ud638\ubd99\uc774\uae30", "result": "result-wa", "memory": "", "time": "", "language": "Java", "length": "1616", "date": "2019\ub144 10\uc6d4 8\uc77c 0\uc2dc 41\ubd84 36\ucd08"}, {"submission_id": "14952931", "problem_id": "14502", "problem_title": "\uc5f0\uad6c\uc18c", "result": "result-ac", "memory": "284552", "time": "1160", "language": "Java", "length": "3712", "date": "2019\ub144 9\uc6d4 4\uc77c 8\uc2dc 31\ubd84 59\ucd08"}, {"submission_id": "14952931", "problem_id": "14502", "problem_title": "\uc5f0\uad6c\uc18c", "result": "result-ac", "memory": "284552", "time": "1160", "language": "Java", "length": "3712", "date": "2019\ub144 9\uc6d4 4\uc77c 8\uc2dc 31\ubd84 59\ucd08"}, {"submission_id": "14952931", "problem_id": "14502", "problem_title": "\uc5f0\uad6c\uc18c", "result": "result-ac", "memory": "284552", "time": "1160", "language": "Java", "length": "3712", "date": "2019\ub144 9\uc6d4 4\uc77c 8\uc2dc 31\ubd84 59\ucd08"}, {"submission_id": "14952931", "problem_id": "14502", "problem_title": "\uc5f0\uad6c\uc18c", "result": "result-ac", "memory": "284552", "time": "1160", "language": "Java", "length": "3712", "date": "2019\ub144 9\uc6d4 4\uc77c 8\uc2dc 31\ubd84 59\ucd08"}, {"submission_id": "14952931", "problem_id": "14502", "problem_title": "\uc5f0\uad6c\uc18c", "result": "result-ac", "memory": "284552", "time": "1160", "language": "Java", "length": "3712", "date": "2019\ub144 9\uc6d4 4\uc77c 8\uc2dc 31\ubd84 59\ucd08"}, {"submission_id": "14952931", "problem_id": "14502", "problem_title": "\uc5f0\uad6c\uc18c", "result": "result-ac", "memory": "284552", "time": "1160", "language": "Java", "length": "3712", "date": "2019\ub144 9\uc6d4 4\uc77c 8\uc2dc 31\ubd84 59\ucd08"}, {"submission_id": "14952931", "problem_id": "14502", "problem_title": "\uc5f0\uad6c\uc18c", "result": "result-ac", "memory": "284552", "time": "1160", "language": "Java", "length": "3712", "date": "2019\ub144 9\uc6d4 4\uc77c 8\uc2dc 31\ubd84 59\ucd08"}, {"submission_id": "14952931", "problem_id": "14502", "problem_title": "\uc5f0\uad6c\uc18c", "result": "result-ac", "memory": "284552", "time": "1160", "language": "Java", "length": "3712", "date": "2019\ub144 9\uc6d4 4\uc77c 8\uc2dc 31\ubd84 59\ucd08"}, {"submission_id": "14952931", "problem_id": "14502", "problem_title": "\uc5f0\uad6c\uc18c", "result": "result-ac", "memory": "284552", "time": "1160", "language": "Java", "length": "3712", "date": "2019\ub144 9\uc6d4 4\uc77c 8\uc2dc 31\ubd84 59\ucd08"}, {"submission_id": "14952931", "problem_id": "14502", "problem_title": "\uc5f0\uad6c\uc18c", "result": "result-ac", "memory": "284552", "time": "1160", "language": "Java", "length": "3712", "date": "2019\ub144 9\uc6d4 4\uc77c 8\uc2dc 31\ubd84 59\ucd08"}, {"submission_id": "14952931", "problem_id": "14502", "problem_title": "\uc5f0\uad6c\uc18c", "result": "result-ac", "memory": "284552", "time": "1160", "language": "Java", "length": "3712", "date": "2019\ub144 9\uc6d4 4\uc77c 8\uc2dc 31\ubd84 59\ucd08"}, {"submission_id": "14952931", "problem_id": "14502", "problem_title": "\uc5f0\uad6c\uc18c", "result": "result-ac", "memory": "284552", "time": "1160", "language": "Java", "length": "3712", "date": "2019\ub144 9\uc6d4 4\uc77c 8\uc2dc 31\ubd84 59\ucd08"}, {"submission_id": "14952931", "problem_id": "14502", "problem_title": "\uc5f0\uad6c\uc18c", "result": "result-ac", "memory": "284552", "time": "1160", "language": "Java", "length": "3712", "date": "2019\ub144 9\uc6d4 4\uc77c 8\uc2dc 31\ubd84 59\ucd08"}, {"submission_id": "14952931", "problem_id": "14502", "problem_title": "\uc5f0\uad6c\uc18c", "result": "result-ac", "memory": "284552", "time": "1160", "language": "Java", "length": "3712", "date": "2019\ub144 9\uc6d4 4\uc77c 8\uc2dc 31\ubd84 59\ucd08"}, {"submission_id": "14952931", "problem_id": "14502", "problem_title": "\uc5f0\uad6c\uc18c", "result": "result-ac", "memory": "284552", "time": "1160", "language": "Java", "length": "3712", "date": "2019\ub144 9\uc6d4 4\uc77c 8\uc2dc 31\ubd84 59\ucd08"}, {"submission_id": "14952931", "problem_id": "14502", "problem_title": "\uc5f0\uad6c\uc18c", "result": "result-ac", "memory": "284552", "time": "1160", "language": "Java", "length": "3712", "date": "2019\ub144 9\uc6d4 4\uc77c 8\uc2dc 31\ubd84 59\ucd08"}, {"submission_id": "14952931", "problem_id": "14502", "problem_title": "\uc5f0\uad6c\uc18c", "result": "result-ac", "memory": "284552", "time": "1160", "language": "Java", "length": "3712", "date": "2019\ub144 9\uc6d4 4\uc77c 8\uc2dc 31\ubd84 59\ucd08"}, {"submission_id": "14952931", "problem_id": "14502", "problem_title": "\uc5f0\uad6c\uc18c", "result": "result-ac", "memory": "284552", "time": "1160", "language": "Java", "length": "3712", "date": "2019\ub144 9\uc6d4 4\uc77c 8\uc2dc 31\ubd84 59\ucd08"}, {"submission_id": "14952931", "problem_id": "14502", "problem_title": "\uc5f0\uad6c\uc18c", "result": "result-ac", "memory": "284552", "time": "1160", "language": "Java", "length": "3712", "date": "2019\ub144 9\uc6d4 4\uc77c 8\uc2dc 31\ubd84 59\ucd08"}, {"submission_id": "14952931", "problem_id": "14502", "problem_title": "\uc5f0\uad6c\uc18c", "result": "result-ac", "memory": "284552", "time": "1160", "language": "Java", "length": "3712", "date": "2019\ub144 9\uc6d4 4\uc77c 8\uc2dc 31\ubd84 59\ucd08"}, {"submission_id": "14857141", "problem_id": "11399", "problem_title": "ATM", "result": "result-ce", "memory": "", "time": "", "language": "Java", "length": "704", "date": "2019\ub144 8\uc6d4 29\uc77c 17\uc2dc 36\ubd84 05\ucd08"}, {"submission_id": "14857141", "problem_id": "11399", "problem_title": "ATM", "result": "result-ce", "memory": "", "time": "", "language": "Java", "length": "704", "date": "2019\ub144 8\uc6d4 29\uc77c 17\uc2dc 36\ubd84 05\ucd08"}, {"submission_id": "14857141", "problem_id": "11399", "problem_title": "ATM", "result": "result-ce", "memory": "", "time": "", "language": "Java", "length": "704", "date": "2019\ub144 8\uc6d4 29\uc77c 17\uc2dc 36\ubd84 05\ucd08"}, {"submission_id": "14857141", "problem_id": "11399", "problem_title": "ATM", "result": "result-ce", "memory": "", "time": "", "language": "Java", "length": "704", "date": "2019\ub144 8\uc6d4 29\uc77c 17\uc2dc 36\ubd84 05\ucd08"}, {"submission_id": "14857141", "problem_id": "11399", "problem_title": "ATM", "result": "result-ce", "memory": "", "time": "", "language": "Java", "length": "704", "date": "2019\ub144 8\uc6d4 29\uc77c 17\uc2dc 36\ubd84 05\ucd08"}, {"submission_id": "14857141", "problem_id": "11399", "problem_title": "ATM", "result": "result-ce", "memory": "", "time": "", "language": "Java", "length": "704", "date": "2019\ub144 8\uc6d4 29\uc77c 17\uc2dc 36\ubd84 05\ucd08"}, {"submission_id": "14857141", "problem_id": "11399", "problem_title": "ATM", "result": "result-ce", "memory": "", "time": "", "language": "Java", "length": "704", "date": "2019\ub144 8\uc6d4 29\uc77c 17\uc2dc 36\ubd84 05\ucd08"}, {"submission_id": "14857141", "problem_id": "11399", "problem_title": "ATM", "result": "result-ce", "memory": "", "time": "", "language": "Java", "length": "704", "date": "2019\ub144 8\uc6d4 29\uc77c 17\uc2dc 36\ubd84 05\ucd08"}, {"submission_id": "14857141", "problem_id": "11399", "problem_title": "ATM", "result": "result-ce", "memory": "", "time": "", "language": "Java", "length": "704", "date": "2019\ub144 8\uc6d4 29\uc77c 17\uc2dc 36\ubd84 05\ucd08"}, {"submission_id": "14857141", "problem_id": "11399", "problem_title": "ATM", "result": "result-ce", "memory": "", "time": "", "language": "Java", "length": "704", "date": "2019\ub144 8\uc6d4 29\uc77c 17\uc2dc 36\ubd84 05\ucd08"}, {"submission_id": "14857141", "problem_id": "11399", "problem_title": "ATM", "result": "result-ce", "memory": "", "time": "", "language": "Java", "length": "704", "date": "2019\ub144 8\uc6d4 29\uc77c 17\uc2dc 36\ubd84 05\ucd08"}, {"submission_id": "14857141", "problem_id": "11399", "problem_title": "ATM", "result": "result-ce", "memory": "", "time": "", "language": "Java", "length": "704", "date": "2019\ub144 8\uc6d4 29\uc77c 17\uc2dc 36\ubd84 05\ucd08"}, {"submission_id": "14857141", "problem_id": "11399", "problem_title": "ATM", "result": "result-ce", "memory": "", "time": "", "language": "Java", "length": "704", "date": "2019\ub144 8\uc6d4 29\uc77c 17\uc2dc 36\ubd84 05\ucd08"}, {"submission_id": "14857141", "problem_id": "11399", "problem_title": "ATM", "result": "result-ce", "memory": "", "time": "", "language": "Java", "length": "704", "date": "2019\ub144 8\uc6d4 29\uc77c 17\uc2dc 36\ubd84 05\ucd08"}, {"submission_id": "14857141", "problem_id": "11399", "problem_title": "ATM", "result": "result-ce", "memory": "", "time": "", "language": "Java", "length": "704", "date": "2019\ub144 8\uc6d4 29\uc77c 17\uc2dc 36\ubd84 05\ucd08"}, {"submission_id": "14857141", "problem_id": "11399", "problem_title": "ATM", "result": "result-ce", "memory": "", "time": "", "language": "Java", "length": "704", "date": "2019\ub144 8\uc6d4 29\uc77c 17\uc2dc 36\ubd84 05\ucd08"}, {"submission_id": "14857141", "problem_id": "11399", "problem_title": "ATM", "result": "result-ce", "memory": "", "time": "", "language": "Java", "length": "704", "date": "2019\ub144 8\uc6d4 29\uc77c 17\uc2dc 36\ubd84 05\ucd08"}, {"submission_id": "14857141", "problem_id": "11399", "problem_title": "ATM", "result": "result-ce", "memory": "", "time": "", "language": "Java", "length": "704", "date": "2019\ub144 8\uc6d4 29\uc77c 17\uc2dc 36\ubd84 05\ucd08"}, {"submission_id": "14857141", "problem_id": "11399", "problem_title": "ATM", "result": "result-ce", "memory": "", "time": "", "language": "Java", "length": "704", "date": "2019\ub144 8\uc6d4 29\uc77c 17\uc2dc 36\ubd84 05\ucd08"}, {"submission_id": "14857141", "problem_id": "11399", "problem_title": "ATM", "result": "result-ce", "memory": "", "time": "", "language": "Java", "length": "704", "date": "2019\ub144 8\uc6d4 29\uc77c 17\uc2dc 36\ubd84 05\ucd08"}, {"submission_id": "14749317", "problem_id": "2628", "problem_title": "\uc885\uc774\uc790\ub974\uae30", "result": "result-ce", "memory": "", "time": "", "language": "Java", "length": "2459", "date": "2019\ub144 8\uc6d4 23\uc77c 20\uc2dc 22\ubd84 09\ucd08"}, {"submission_id": "14749317", "problem_id": "2628", "problem_title": "\uc885\uc774\uc790\ub974\uae30", "result": "result-ce", "memory": "", "time": "", "language": "Java", "length": "2459", "date": "2019\ub144 8\uc6d4 23\uc77c 20\uc2dc 22\ubd84 09\ucd08"}, {"submission_id": "14749317", "problem_id": "2628", "problem_title": "\uc885\uc774\uc790\ub974\uae30", "result": "result-ce", "memory": "", "time": "", "language": "Java", "length": "2459", "date": "2019\ub144 8\uc6d4 23\uc77c 20\uc2dc 22\ubd84 09\ucd08"}, {"submission_id": "14749317", "problem_id": "2628", "problem_title": "\uc885\uc774\uc790\ub974\uae30", "result": "result-ce", "memory": "", "time": "", "language": "Java", "length": "2459", "date": "2019\ub144 8\uc6d4 23\uc77c 20\uc2dc 22\ubd84 09\ucd08"}, {"submission_id": "14749317", "problem_id": "2628", "problem_title": "\uc885\uc774\uc790\ub974\uae30", "result": "result-ce", "memory": "", "time": "", "language": "Java", "length": "2459", "date": "2019\ub144 8\uc6d4 23\uc77c 20\uc2dc 22\ubd84 09\ucd08"}, {"submission_id": "14749317", "problem_id": "2628", "problem_title": "\uc885\uc774\uc790\ub974\uae30", "result": "result-ce", "memory": "", "time": "", "language": "Java", "length": "2459", "date": "2019\ub144 8\uc6d4 23\uc77c 20\uc2dc 22\ubd84 09\ucd08"}, {"submission_id": "14749317", "problem_id": "2628", "problem_title": "\uc885\uc774\uc790\ub974\uae30", "result": "result-ce", "memory": "", "time": "", "language": "Java", "length": "2459", "date": "2019\ub144 8\uc6d4 23\uc77c 20\uc2dc 22\ubd84 09\ucd08"}, {"submission_id": "14749317", "problem_id": "2628", "problem_title": "\uc885\uc774\uc790\ub974\uae30", "result": "result-ce", "memory": "", "time": "", "language": "Java", "length": "2459", "date": "2019\ub144 8\uc6d4 23\uc77c 20\uc2dc 22\ubd84 09\ucd08"}, {"submission_id": "14749317", "problem_id": "2628", "problem_title": "\uc885\uc774\uc790\ub974\uae30", "result": "result-ce", "memory": "", "time": "", "language": "Java", "length": "2459", "date": "2019\ub144 8\uc6d4 23\uc77c 20\uc2dc 22\ubd84 09\ucd08"}, {"submission_id": "14749317", "problem_id": "2628", "problem_title": "\uc885\uc774\uc790\ub974\uae30", "result": "result-ce", "memory": "", "time": "", "language": "Java", "length": "2459", "date": "2019\ub144 8\uc6d4 23\uc77c 20\uc2dc 22\ubd84 09\ucd08"}, {"submission_id": "14749317", "problem_id": "2628", "problem_title": "\uc885\uc774\uc790\ub974\uae30", "result": "result-ce", "memory": "", "time": "", "language": "Java", "length": "2459", "date": "2019\ub144 8\uc6d4 23\uc77c 20\uc2dc 22\ubd84 09\ucd08"}, {"submission_id": "14749317", "problem_id": "2628", "problem_title": "\uc885\uc774\uc790\ub974\uae30", "result": "result-ce", "memory": "", "time": "", "language": "Java", "length": "2459", "date": "2019\ub144 8\uc6d4 23\uc77c 20\uc2dc 22\ubd84 09\ucd08"}, {"submission_id": "14749317", "problem_id": "2628", "problem_title": "\uc885\uc774\uc790\ub974\uae30", "result": "result-ce", "memory": "", "time": "", "language": "Java", "length": "2459", "date": "2019\ub144 8\uc6d4 23\uc77c 20\uc2dc 22\ubd84 09\ucd08"}, {"submission_id": "14749317", "problem_id": "2628", "problem_title": "\uc885\uc774\uc790\ub974\uae30", "result": "result-ce", "memory": "", "time": "", "language": "Java", "length": "2459", "date": "2019\ub144 8\uc6d4 23\uc77c 20\uc2dc 22\ubd84 09\ucd08"}, {"submission_id": "14749317", "problem_id": "2628", "problem_title": "\uc885\uc774\uc790\ub974\uae30", "result": "result-ce", "memory": "", "time": "", "language": "Java", "length": "2459", "date": "2019\ub144 8\uc6d4 23\uc77c 20\uc2dc 22\ubd84 09\ucd08"}, {"submission_id": "14749317", "problem_id": "2628", "problem_title": "\uc885\uc774\uc790\ub974\uae30", "result": "result-ce", "memory": "", "time": "", "language": "Java", "length": "2459", "date": "2019\ub144 8\uc6d4 23\uc77c 20\uc2dc 22\ubd84 09\ucd08"}, {"submission_id": "14749317", "problem_id": "2628", "problem_title": "\uc885\uc774\uc790\ub974\uae30", "result": "result-ce", "memory": "", "time": "", "language": "Java", "length": "2459", "date": "2019\ub144 8\uc6d4 23\uc77c 20\uc2dc 22\ubd84 09\ucd08"}, {"submission_id": "14749317", "problem_id": "2628", "problem_title": "\uc885\uc774\uc790\ub974\uae30", "result": "result-ce", "memory": "", "time": "", "language": "Java", "length": "2459", "date": "2019\ub144 8\uc6d4 23\uc77c 20\uc2dc 22\ubd84 09\ucd08"}, {"submission_id": "14749317", "problem_id": "2628", "problem_title": "\uc885\uc774\uc790\ub974\uae30", "result": "result-ce", "memory": "", "time": "", "language": "Java", "length": "2459", "date": "2019\ub144 8\uc6d4 23\uc77c 20\uc2dc 22\ubd84 09\ucd08"}, {"submission_id": "14749317", "problem_id": "2628", "problem_title": "\uc885\uc774\uc790\ub974\uae30", "result": "result-ce", "memory": "", "time": "", "language": "Java", "length": "2459", "date": "2019\ub144 8\uc6d4 23\uc77c 20\uc2dc 22\ubd84 09\ucd08"}, {"submission_id": "14224962", "problem_id": "14500", "problem_title": "\ud14c\ud2b8\ub85c\ubbf8\ub178", "result": "result-wa", "memory": "", "time": "", "language": "Java", "length": "4126", "date": "2019\ub144 7\uc6d4 29\uc77c 19\uc2dc 55\ubd84 40\ucd08"}, {"submission_id": "14224962", "problem_id": "14500", "problem_title": "\ud14c\ud2b8\ub85c\ubbf8\ub178", "result": "result-wa", "memory": "", "time": "", "language": "Java", "length": "4126", "date": "2019\ub144 7\uc6d4 29\uc77c 19\uc2dc 55\ubd84 40\ucd08"}, {"submission_id": "14224962", "problem_id": "14500", "problem_title": "\ud14c\ud2b8\ub85c\ubbf8\ub178", "result": "result-wa", "memory": "", "time": "", "language": "Java", "length": "4126", "date": "2019\ub144 7\uc6d4 29\uc77c 19\uc2dc 55\ubd84 40\ucd08"}, {"submission_id": "14224962", "problem_id": "14500", "problem_title": "\ud14c\ud2b8\ub85c\ubbf8\ub178", "result": "result-wa", "memory": "", "time": "", "language": "Java", "length": "4126", "date": "2019\ub144 7\uc6d4 29\uc77c 19\uc2dc 55\ubd84 40\ucd08"}, {"submission_id": "14224962", "problem_id": "14500", "problem_title": "\ud14c\ud2b8\ub85c\ubbf8\ub178", "result": "result-wa", "memory": "", "time": "", "language": "Java", "length": "4126", "date": "2019\ub144 7\uc6d4 29\uc77c 19\uc2dc 55\ubd84 40\ucd08"}, {"submission_id": "14224962", "problem_id": "14500", "problem_title": "\ud14c\ud2b8\ub85c\ubbf8\ub178", "result": "result-wa", "memory": "", "time": "", "language": "Java", "length": "4126", "date": "2019\ub144 7\uc6d4 29\uc77c 19\uc2dc 55\ubd84 40\ucd08"}, {"submission_id": "14224962", "problem_id": "14500", "problem_title": "\ud14c\ud2b8\ub85c\ubbf8\ub178", "result": "result-wa", "memory": "", "time": "", "language": "Java", "length": "4126", "date": "2019\ub144 7\uc6d4 29\uc77c 19\uc2dc 55\ubd84 40\ucd08"}, {"submission_id": "14224962", "problem_id": "14500", "problem_title": "\ud14c\ud2b8\ub85c\ubbf8\ub178", "result": "result-wa", "memory": "", "time": "", "language": "Java", "length": "4126", "date": "2019\ub144 7\uc6d4 29\uc77c 19\uc2dc 55\ubd84 40\ucd08"}, {"submission_id": "14224962", "problem_id": "14500", "problem_title": "\ud14c\ud2b8\ub85c\ubbf8\ub178", "result": "result-wa", "memory": "", "time": "", "language": "Java", "length": "4126", "date": "2019\ub144 7\uc6d4 29\uc77c 19\uc2dc 55\ubd84 40\ucd08"}, {"submission_id": "14224962", "problem_id": "14500", "problem_title": "\ud14c\ud2b8\ub85c\ubbf8\ub178", "result": "result-wa", "memory": "", "time": "", "language": "Java", "length": "4126", "date": "2019\ub144 7\uc6d4 29\uc77c 19\uc2dc 55\ubd84 40\ucd08"}, {"submission_id": "14224962", "problem_id": "14500", "problem_title": "\ud14c\ud2b8\ub85c\ubbf8\ub178", "result": "result-wa", "memory": "", "time": "", "language": "Java", "length": "4126", "date": "2019\ub144 7\uc6d4 29\uc77c 19\uc2dc 55\ubd84 40\ucd08"}, {"submission_id": "14224962", "problem_id": "14500", "problem_title": "\ud14c\ud2b8\ub85c\ubbf8\ub178", "result": "result-wa", "memory": "", "time": "", "language": "Java", "length": "4126", "date": "2019\ub144 7\uc6d4 29\uc77c 19\uc2dc 55\ubd84 40\ucd08"}, {"submission_id": "14224962", "problem_id": "14500", "problem_title": "\ud14c\ud2b8\ub85c\ubbf8\ub178", "result": "result-wa", "memory": "", "time": "", "language": "Java", "length": "4126", "date": "2019\ub144 7\uc6d4 29\uc77c 19\uc2dc 55\ubd84 40\ucd08"}, {"submission_id": "14224962", "problem_id": "14500", "problem_title": "\ud14c\ud2b8\ub85c\ubbf8\ub178", "result": "result-wa", "memory": "", "time": "", "language": "Java", "length": "4126", "date": "2019\ub144 7\uc6d4 29\uc77c 19\uc2dc 55\ubd84 40\ucd08"}, {"submission_id": "14224962", "problem_id": "14500", "problem_title": "\ud14c\ud2b8\ub85c\ubbf8\ub178", "result": "result-wa", "memory": "", "time": "", "language": "Java", "length": "4126", "date": "2019\ub144 7\uc6d4 29\uc77c 19\uc2dc 55\ubd84 40\ucd08"}, {"submission_id": "14224962", "problem_id": "14500", "problem_title": "\ud14c\ud2b8\ub85c\ubbf8\ub178", "result": "result-wa", "memory": "", "time": "", "language": "Java", "length": "4126", "date": "2019\ub144 7\uc6d4 29\uc77c 19\uc2dc 55\ubd84 40\ucd08"}, {"submission_id": "14224962", "problem_id": "14500", "problem_title": "\ud14c\ud2b8\ub85c\ubbf8\ub178", "result": "result-wa", "memory": "", "time": "", "language": "Java", "length": "4126", "date": "2019\ub144 7\uc6d4 29\uc77c 19\uc2dc 55\ubd84 40\ucd08"}, {"submission_id": "14224962", "problem_id": "14500", "problem_title": "\ud14c\ud2b8\ub85c\ubbf8\ub178", "result": "result-wa", "memory": "", "time": "", "language": "Java", "length": "4126", "date": "2019\ub144 7\uc6d4 29\uc77c 19\uc2dc 55\ubd84 40\ucd08"}, {"submission_id": "14224962", "problem_id": "14500", "problem_title": "\ud14c\ud2b8\ub85c\ubbf8\ub178", "result": "result-wa", "memory": "", "time": "", "language": "Java", "length": "4126", "date": "2019\ub144 7\uc6d4 29\uc77c 19\uc2dc 55\ubd84 40\ucd08"}, {"submission_id": "14224962", "problem_id": "14500", "problem_title": "\ud14c\ud2b8\ub85c\ubbf8\ub178", "result": "result-wa", "memory": "", "time": "", "language": "Java", "length": "4126", "date": "2019\ub144 7\uc6d4 29\uc77c 19\uc2dc 55\ubd84 40\ucd08"}, {"submission_id": "14224408", "problem_id": "14500", "problem_title": "\ud14c\ud2b8\ub85c\ubbf8\ub178", "result": "result-rte", "memory": "", "time": "", "language": "Java", "length": "4133", "date": "2019\ub144 7\uc6d4 29\uc77c 19\uc2dc 40\ubd84 38\ucd08"}, {"submission_id": "14224408", "problem_id": "14500", "problem_title": "\ud14c\ud2b8\ub85c\ubbf8\ub178", "result": "result-rte", "memory": "", "time": "", "language": "Java", "length": "4133", "date": "2019\ub144 7\uc6d4 29\uc77c 19\uc2dc 40\ubd84 38\ucd08"}, {"submission_id": "14224408", "problem_id": "14500", "problem_title": "\ud14c\ud2b8\ub85c\ubbf8\ub178", "result": "result-rte", "memory": "", "time": "", "language": "Java", "length": "4133", "date": "2019\ub144 7\uc6d4 29\uc77c 19\uc2dc 40\ubd84 38\ucd08"}, {"submission_id": "14224408", "problem_id": "14500", "problem_title": "\ud14c\ud2b8\ub85c\ubbf8\ub178", "result": "result-rte", "memory": "", "time": "", "language": "Java", "length": "4133", "date": "2019\ub144 7\uc6d4 29\uc77c 19\uc2dc 40\ubd84 38\ucd08"}, {"submission_id": "14224408", "problem_id": "14500", "problem_title": "\ud14c\ud2b8\ub85c\ubbf8\ub178", "result": "result-rte", "memory": "", "time": "", "language": "Java", "length": "4133", "date": "2019\ub144 7\uc6d4 29\uc77c 19\uc2dc 40\ubd84 38\ucd08"}]